ENG,Risk,Domains,INV,HAZ,SM,AI-TASK,TEST
ENG-000,C3,STATE,INV-0001,,SM-0001,,TEST-0001
ENG-001,C2,,,,,,
ENG-002,C2,,,,,,
ENG-003,C4,"DIAGNOSTIC, AI, SECURITY, STATE, UX",INV-0002,HAZ-0001,SM-0002,AI-TASK-0001,TEST-0002
ENG-004,C2,,,,,,
ENG-005,C2,,,,,,
ENG-006,C5,"SECURITY, STATE, UX",INV-0003,HAZ-0002,SM-0003,,TEST-0003
ENG-007,C2,,,,,,
ENG-008,C4,"AI, SECURITY, KNOWLEDGE",INV-0004,HAZ-0003,,AI-TASK-0002,TEST-0004
ENG-009,C2,,,,,,
ENG-010,C2,,,,,,
ENG-011,C4,"TRUTH, SECURITY, STATE",INV-0005,HAZ-0004,SM-0004,,TEST-0005
ENG-012,C2,,,,,,
ENG-013,C2,,,,,,
ENG-014,C2,,,,,,
ENG-015,C4,"TRUTH, STATE, KNOWLEDGE",INV-0006,,SM-0005,,TEST-0006
ENG-016,C5,"PEDIATRIC, UX",INV-0007,HAZ-0005,,,TEST-0007
ENG-017,C4,"STATE, KNOWLEDGE",INV-0008,,SM-0006,,TEST-0008
ENG-018,C5,"DIAGNOSTIC, STATE",INV-0009,HAZ-0006,SM-0007,,TEST-0009
ENG-019,C5,"TRUTH, FOLLOWUP, MED, DIAGNOSTIC, STATE",INV-0010,HAZ-0007,SM-0008,,TEST-0010
ENG-020,C2,,,,,,
ENG-021,C5,"MED, PEDIATRIC, STATE, KNOWLEDGE",INV-0011,HAZ-0008,SM-0009,,TEST-0011
ENG-022,C3,"SECURITY, STATE",INV-0012,HAZ-0009,SM-0010,,TEST-0012
ENG-023,C5,"TRUTH, FOLLOWUP, DIAGNOSTIC",INV-0013,HAZ-0010,SM-0011,,TEST-0013
ENG-024,C5,FOLLOWUP,INV-0014,HAZ-0011,SM-0012,,TEST-0014
ENG-025,C5,"FOLLOWUP, KNOWLEDGE",INV-0015,HAZ-0012,SM-0013,,TEST-0015
ENG-026,C4,"AI, SECURITY",INV-0016,HAZ-0013,,AI-TASK-0003,TEST-0016
ENG-027,C5,"DIAGNOSTIC, AI",INV-0017,HAZ-0014,SM-0014,AI-TASK-0004,TEST-0017
ENG-028,C5,"FOLLOWUP, AI, INTEROP",INV-0018,HAZ-0015,SM-0015,AI-TASK-0005,TEST-0018
ENG-029,C5,FOLLOWUP,INV-0019,HAZ-0016,SM-0016,,TEST-0019
ENG-030,C4,"STATE, KNOWLEDGE",INV-0020,,SM-0017,,TEST-0020
ENG-031,C2,,,,,,
ENG-032,C5,"TRUTH, FOLLOWUP, MED, DIAGNOSTIC",INV-0021,HAZ-0017,SM-0018,,TEST-0021
ENG-033,C5,"FOLLOWUP, KNOWLEDGE",INV-0022,HAZ-0018,SM-0019,,TEST-0022
ENG-034,C4,AI,INV-0023,HAZ-0019,,AI-TASK-0006,TEST-0023
ENG-035,C4,AI,INV-0024,HAZ-0020,,AI-TASK-0007,TEST-0024
ENG-036,C4,"TRUTH, AI, STATE, KNOWLEDGE",INV-0025,HAZ-0021,SM-0020,AI-TASK-0008,TEST-0025
ENG-037,C5,"FOLLOWUP, STATE",INV-0026,HAZ-0022,SM-0021,,TEST-0026
ENG-038,C4,TRUTH,INV-0027,,,,TEST-0027
ENG-039,C5,"FOLLOWUP, SECURITY, STATE, INTEROP",INV-0028,HAZ-0023,SM-0022,,TEST-0028
ENG-040,C2,,,,,,
ENG-041,C3,STATE,INV-0029,,SM-0023,,TEST-0029
ENG-042,C4,"DIAGNOSTIC, AI, SECURITY, KNOWLEDGE",INV-0030,HAZ-0024,SM-0024,AI-TASK-0009,TEST-0030
ENG-043,C4,"AI, SECURITY, KNOWLEDGE",INV-0031,HAZ-0025,,AI-TASK-0010,TEST-0031
ENG-044,C4,"DIAGNOSTIC, KNOWLEDGE",INV-0032,,SM-0025,,TEST-0032
ENG-045,C5,"FOLLOWUP, MED, AI, STATE",INV-0033,HAZ-0026,SM-0026,AI-TASK-0011,TEST-0033
ENG-046,C5,"TRUTH, UX",INV-0034,HAZ-0027,,,TEST-0034
ENG-047,C4,"SECURITY, STATE, UX, KNOWLEDGE",INV-0035,HAZ-0028,SM-0027,,TEST-0035
ENG-048,C2,,,,,,
ENG-049,C5,"FOLLOWUP, STATE",INV-0036,HAZ-0029,SM-0028,,TEST-0036
ENG-050,C3,SECURITY,INV-0037,HAZ-0030,,,TEST-0037
ENG-051,C5,"FOLLOWUP, MED, DIAGNOSTIC, STATE",INV-0038,HAZ-0031,SM-0029,,TEST-0038
ENG-052,C5,TRUTH,INV-0039,HAZ-0032,,,TEST-0039
ENG-053,C2,,,,,,
ENG-054,C3,SECURITY,INV-0040,HAZ-0033,,,TEST-0040
ENG-055,C5,"FOLLOWUP, AI, UX",INV-0041,HAZ-0034,SM-0030,AI-TASK-0012,TEST-0041
ENG-056,C2,,,,,,
ENG-057,C2,,,,,,
ENG-058,C2,,,,,,
ENG-059,C4,"SECURITY, STATE, KNOWLEDGE",INV-0042,HAZ-0035,SM-0031,,TEST-0042
ENG-060,C4,"DIAGNOSTIC, AI, STATE, KNOWLEDGE",INV-0043,HAZ-0036,SM-0032,AI-TASK-0013,TEST-0043
ENG-061,C2,,,,,,
ENG-062,C5,"FOLLOWUP, DIAGNOSTIC, SECURITY, STATE",INV-0044,HAZ-0037,SM-0033,,TEST-0044
ENG-063,C2,,,,,,
ENG-064,C4,"DIAGNOSTIC, AI, SECURITY, STATE, KNOWLEDGE",INV-0045,HAZ-0038,SM-0034,AI-TASK-0014,TEST-0045
ENG-065,C4,"DIAGNOSTIC, SECURITY, STATE, INTEROP, KNOWLEDGE",INV-0046,HAZ-0039,SM-0035,,TEST-0046
ENG-066,C3,SECURITY,INV-0047,HAZ-0040,,,TEST-0047
ENG-067,C2,,,,,,
ENG-068,C5,"FOLLOWUP, AI, STATE, UX, KNOWLEDGE",INV-0048,HAZ-0041,SM-0036,AI-TASK-0015,TEST-0048
ENG-069,C2,,,,,,
ENG-070,C5,"TRUTH, FOLLOWUP, MED, DIAGNOSTIC, SECURITY, STATE, KNOWLEDGE",INV-0049,HAZ-0042,SM-0037,,TEST-0049
ENG-071,C5,"TRUTH, PEDIATRIC, STATE, KNOWLEDGE",INV-0050,HAZ-0043,SM-0038,,TEST-0050
ENG-072,C5,AI,INV-0051,HAZ-0044,,AI-TASK-0016,TEST-0051
ENG-073,C5,"FOLLOWUP, DIAGNOSTIC, AI, INTEROP",INV-0052,HAZ-0045,SM-0039,AI-TASK-0017,TEST-0052
ENG-074,C5,"MED, PEDIATRIC, STATE",INV-0053,HAZ-0046,SM-0040,,TEST-0053
ENG-075,C5,SECURITY,INV-0054,HAZ-0047,,,TEST-0054
ENG-076,C4,"SECURITY, KNOWLEDGE",INV-0055,HAZ-0048,,,TEST-0055
ENG-077,C2,,,,,,
ENG-078,C5,"FOLLOWUP, MED, DIAGNOSTIC, AI, SECURITY, INTEROP",INV-0056,HAZ-0049,SM-0041,AI-TASK-0018,TEST-0056
ENG-079,C2,,,,,,
ENG-080,C2,,,,,,
ENG-081,C2,,,,,,
ENG-082,C2,,,,,,
ENG-083,C2,,,,,,
ENG-084,C4,AI,INV-0057,HAZ-0050,,AI-TASK-0019,TEST-0057
ENG-085,C4,"TRUTH, STATE",INV-0058,,SM-0042,,TEST-0058
ENG-086,C4,KNOWLEDGE,INV-0059,,,,TEST-0059
ENG-087,C5,"FOLLOWUP, SECURITY, KNOWLEDGE",INV-0060,HAZ-0051,SM-0043,,TEST-0060
ENG-088,C4,"DIAGNOSTIC, SECURITY, KNOWLEDGE",INV-0061,HAZ-0052,SM-0044,,TEST-0061
ENG-089,C3,SECURITY,INV-0062,HAZ-0053,,,TEST-0062
ENG-090,C4,"TRUTH, DIAGNOSTIC, AI, KNOWLEDGE",INV-0063,HAZ-0054,SM-0045,AI-TASK-0020,TEST-0063
ENG-091,C2,,,,,,
ENG-092,C4,"SECURITY, STATE, KNOWLEDGE",INV-0064,HAZ-0055,SM-0046,,TEST-0064
ENG-093,C4,"DIAGNOSTIC, AI, SECURITY, STATE",INV-0065,HAZ-0056,SM-0047,AI-TASK-0021,TEST-0065
ENG-094,C2,,,,,,
ENG-095,C2,,,,,,
ENG-096,C4,KNOWLEDGE,INV-0066,,,,TEST-0066
ENG-097,C2,,,,,,
ENG-098,C5,"TRUTH, MED, STATE, UX, KNOWLEDGE",INV-0067,HAZ-0057,SM-0048,,TEST-0067
ENG-099,C4,TRUTH,INV-0068,,,,TEST-0068
ENG-100,C2,,,,,,
ENG-101,C5,"FOLLOWUP, STATE, UX",INV-0069,HAZ-0058,SM-0049,,TEST-0069
ENG-102,C4,"TRUTH, SECURITY",INV-0070,HAZ-0059,,,TEST-0070
ENG-103,C4,"SECURITY, KNOWLEDGE",INV-0071,HAZ-0060,,,TEST-0071
ENG-104,C3,SECURITY,INV-0072,HAZ-0061,,,TEST-0072
ENG-105,C4,"TRUTH, SECURITY, KNOWLEDGE",INV-0073,HAZ-0062,,,TEST-0073
ENG-106,C3,SECURITY,INV-0074,HAZ-0063,,,TEST-0074
ENG-107,C4,KNOWLEDGE,INV-0075,,,,TEST-0075
ENG-108,C5,"TRUTH, MED, DIAGNOSTIC, STATE, INTEROP",INV-0076,HAZ-0064,SM-0050,,TEST-0076
ENG-109,C4,"AI, STATE, UX",INV-0077,HAZ-0065,SM-0051,AI-TASK-0022,TEST-0077
ENG-110,C3,"SECURITY, INTEROP",INV-0078,HAZ-0066,,,TEST-0078
ENG-111,C5,"DIAGNOSTIC, SECURITY",INV-0079,HAZ-0067,SM-0052,,TEST-0079
ENG-112,C4,"AI, SECURITY",INV-0080,HAZ-0068,,AI-TASK-0023,TEST-0080
ENG-113,C3,"SECURITY, STATE",INV-0081,HAZ-0069,SM-0053,,TEST-0081
ENG-114,C4,"DIAGNOSTIC, SECURITY",INV-0082,HAZ-0070,SM-0054,,TEST-0082
ENG-115,C5,"FOLLOWUP, DIAGNOSTIC, STATE",INV-0083,HAZ-0071,SM-0055,,TEST-0083
ENG-116,C4,TRUTH,INV-0084,,,,TEST-0084
ENG-117,C5,"MED, SECURITY, STATE, KNOWLEDGE",INV-0085,HAZ-0072,SM-0056,,TEST-0085
ENG-118,C5,"TRUTH, PEDIATRIC, STATE",INV-0086,HAZ-0073,SM-0057,,TEST-0086
ENG-119,C5,"AI, KNOWLEDGE",INV-0087,HAZ-0074,,AI-TASK-0024,TEST-0087
ENG-120,C2,,,,,,
ENG-121,C5,"FOLLOWUP, DIAGNOSTIC, AI, SECURITY, STATE, KNOWLEDGE",INV-0088,HAZ-0075,SM-0058,AI-TASK-0025,TEST-0088
ENG-122,C2,,,,,,
ENG-123,C4,"AI, SECURITY, KNOWLEDGE",INV-0089,HAZ-0076,,AI-TASK-0026,TEST-0089
ENG-124,C5,"FOLLOWUP, AI, SECURITY, STATE, KNOWLEDGE",INV-0090,HAZ-0077,SM-0059,AI-TASK-0027,TEST-0090
ENG-125,C4,"AI, STATE, INTEROP, KNOWLEDGE",INV-0091,HAZ-0078,SM-0060,AI-TASK-0028,TEST-0091
ENG-126,C4,"AI, SECURITY, KNOWLEDGE",INV-0092,HAZ-0079,,AI-TASK-0029,TEST-0092
ENG-127,C3,SECURITY,INV-0093,HAZ-0080,,,TEST-0093
ENG-128,C4,AI,INV-0094,HAZ-0081,,AI-TASK-0030,TEST-0094
ENG-129,C2,,,,,,
ENG-130,C2,,,,,,
ENG-131,C2,,,,,,
ENG-132,C2,,,,,,
ENG-133,C5,"FOLLOWUP, DIAGNOSTIC, SECURITY",INV-0095,HAZ-0082,SM-0061,,TEST-0095
ENG-134,C5,"TRUTH, FOLLOWUP, MED, DIAGNOSTIC, AI, SECURITY, INTEROP, KNOWLEDGE",INV-0096,HAZ-0083,SM-0062,AI-TASK-0031,TEST-0096
ENG-135,C4,"TRUTH, AI, SECURITY, STATE, UX, KNOWLEDGE",INV-0097,HAZ-0084,SM-0063,AI-TASK-0032,TEST-0097
ENG-136,C5,"MED, STATE, KNOWLEDGE",INV-0098,HAZ-0085,SM-0064,,TEST-0098
ENG-137,C4,"SECURITY, STATE, KNOWLEDGE",INV-0099,HAZ-0086,SM-0065,,TEST-0099
ENG-138,C4,"SECURITY, STATE, KNOWLEDGE",INV-0100,HAZ-0087,SM-0066,,TEST-0100
ENG-139,C4,"TRUTH, STATE, UX, KNOWLEDGE",INV-0101,,SM-0067,,TEST-0101
ENG-140,C4,"TRUTH, KNOWLEDGE",INV-0102,,,,TEST-0102
ENG-141,C5,STATE,INV-0103,HAZ-0088,SM-0068,,TEST-0103
ENG-142,C2,UX,,,,,
ENG-143,C4,"TRUTH, STATE, KNOWLEDGE",INV-0104,,SM-0069,,TEST-0104
ENG-144,C4,"DIAGNOSTIC, STATE, KNOWLEDGE",INV-0105,,SM-0070,,TEST-0105
ENG-145,C4,"DIAGNOSTIC, STATE, KNOWLEDGE",INV-0106,,SM-0071,,TEST-0106
ENG-146,C4,"DIAGNOSTIC, KNOWLEDGE",INV-0107,,SM-0072,,TEST-0107
ENG-147,C4,"TRUTH, KNOWLEDGE",INV-0108,,,,TEST-0108
ENG-148,C5,"TRUTH, MED, KNOWLEDGE",INV-0109,HAZ-0089,SM-0073,,TEST-0109
ENG-149,C4,"TRUTH, SECURITY, STATE, KNOWLEDGE",INV-0110,HAZ-0090,SM-0074,,TEST-0110
ENG-150,C4,"TRUTH, STATE, KNOWLEDGE",INV-0111,,SM-0075,,TEST-0111
ENG-151,C3,STATE,INV-0112,,SM-0076,,TEST-0112
ENG-152,C4,"TRUTH, STATE, KNOWLEDGE",INV-0113,,SM-0077,,TEST-0113
ENG-153,C5,"TRUTH, FOLLOWUP, KNOWLEDGE",INV-0114,HAZ-0091,SM-0078,,TEST-0114
ENG-154,C4,"AI, SECURITY",INV-0115,HAZ-0092,,AI-TASK-0033,TEST-0115
ENG-155,C5,"MED, AI, KNOWLEDGE",INV-0116,HAZ-0093,SM-0079,AI-TASK-0034,TEST-0116
ENG-156,C4,"TRUTH, AI",INV-0117,HAZ-0094,,AI-TASK-0035,TEST-0117
ENG-157,C4,"SECURITY, STATE, KNOWLEDGE",INV-0118,HAZ-0095,SM-0080,,TEST-0118
ENG-158,C5,"TRUTH, STATE",INV-0119,HAZ-0096,SM-0081,,TEST-0119
ENG-159,C5,"FOLLOWUP, SECURITY, STATE",INV-0120,HAZ-0097,SM-0082,,TEST-0120
ENG-160,C4,"TRUTH, SECURITY, STATE",INV-0121,HAZ-0098,SM-0083,,TEST-0121
ENG-161,C5,"TRUTH, FOLLOWUP, AI, STATE, KNOWLEDGE",INV-0122,HAZ-0099,SM-0084,AI-TASK-0036,TEST-0122
ENG-162,C5,"TRUTH, FOLLOWUP, STATE",INV-0123,HAZ-0100,SM-0085,,TEST-0123
ENG-163,C5,"TRUTH, FOLLOWUP, MED, DIAGNOSTIC, STATE, KNOWLEDGE",INV-0124,HAZ-0101,SM-0086,,TEST-0124
ENG-164,C5,FOLLOWUP,INV-0125,HAZ-0102,SM-0087,,TEST-0125
ENG-165,C3,STATE,INV-0126,,SM-0088,,TEST-0126
ENG-166,C4,"TRUTH, AI, STATE",INV-0127,HAZ-0103,SM-0089,AI-TASK-0037,TEST-0127
ENG-167,C4,"AI, STATE, KNOWLEDGE",INV-0128,HAZ-0104,SM-0090,AI-TASK-0038,TEST-0128
ENG-168,C4,"DIAGNOSTIC, AI, SECURITY, STATE, KNOWLEDGE",INV-0129,HAZ-0105,SM-0091,AI-TASK-0039,TEST-0129
ENG-169,C5,"TRUTH, FOLLOWUP, MED, DIAGNOSTIC, AI, STATE",INV-0130,HAZ-0106,SM-0092,AI-TASK-0040,TEST-0130
ENG-170,C5,"FOLLOWUP, AI",INV-0131,HAZ-0107,SM-0093,AI-TASK-0041,TEST-0131
ENG-171,C4,"TRUTH, UX",INV-0132,,,,TEST-0132
ENG-172,C4,"AI, UX",INV-0133,HAZ-0108,,AI-TASK-0042,TEST-0133
ENG-173,C5,"DIAGNOSTIC, PEDIATRIC, SECURITY, STATE, KNOWLEDGE",INV-0134,HAZ-0109,SM-0094,,TEST-0134
ENG-174,C4,"AI, SECURITY, UX",INV-0135,HAZ-0110,,AI-TASK-0043,TEST-0135
ENG-175,C5,"TRUTH, MED, SECURITY",INV-0136,HAZ-0111,SM-0095,,TEST-0136
ENG-176,C4,"TRUTH, DIAGNOSTIC",INV-0137,,SM-0096,,TEST-0137
ENG-177,C4,"TRUTH, KNOWLEDGE",INV-0138,,,,TEST-0138
ENG-178,C2,,,,,,
ENG-179,C4,"DIAGNOSTIC, SECURITY, STATE",INV-0139,HAZ-0112,SM-0097,,TEST-0139
ENG-180,C5,"AI, SECURITY, STATE",INV-0140,HAZ-0113,SM-0098,AI-TASK-0044,TEST-0140
ENG-181,C5,"FOLLOWUP, MED, AI, SECURITY, STATE",INV-0141,HAZ-0114,SM-0099,AI-TASK-0045,TEST-0141
ENG-182,C5,"FOLLOWUP, SECURITY, STATE",INV-0142,HAZ-0115,SM-0100,,TEST-0142
ENG-183,C4,"SECURITY, STATE, KNOWLEDGE",INV-0143,HAZ-0116,SM-0101,,TEST-0143
ENG-184,C3,"SECURITY, STATE",INV-0144,HAZ-0117,SM-0102,,TEST-0144
ENG-185,C4,"SECURITY, INTEROP, KNOWLEDGE",INV-0145,HAZ-0118,,,TEST-0145
ENG-186,C5,"TRUTH, FOLLOWUP, SECURITY, STATE",INV-0146,HAZ-0119,SM-0103,,TEST-0146
ENG-187,C5,"TRUTH, FOLLOWUP, SECURITY, STATE",INV-0147,HAZ-0120,SM-0104,,TEST-0147
ENG-188,C4,"TRUTH, SECURITY",INV-0148,HAZ-0121,,,TEST-0148
ENG-189,C2,,,,,,
ENG-190,C5,"SECURITY, KNOWLEDGE",INV-0149,HAZ-0122,,,TEST-0149
ENG-191,C5,"AI, SECURITY",INV-0150,HAZ-0123,,AI-TASK-0046,TEST-0150
ENG-192,C5,"FOLLOWUP, AI, SECURITY, KNOWLEDGE",INV-0151,HAZ-0124,SM-0105,AI-TASK-0047,TEST-0151
ENG-193,C5,"TRUTH, FOLLOWUP",INV-0152,HAZ-0125,SM-0106,,TEST-0152
ENG-194,C5,"TRUTH, KNOWLEDGE",INV-0153,HAZ-0126,,,TEST-0153
ENG-195,C4,"AI, SECURITY, KNOWLEDGE",INV-0154,HAZ-0127,,AI-TASK-0048,TEST-0154
ENG-196,C5,"AI, SECURITY, STATE, UX, KNOWLEDGE",INV-0155,HAZ-0128,SM-0107,AI-TASK-0049,TEST-0155
ENG-197,C5,"TRUTH, FOLLOWUP, AI, STATE, UX, KNOWLEDGE",INV-0156,HAZ-0129,SM-0108,AI-TASK-0050,TEST-0156
ENG-198,C4,"TRUTH, AI, STATE, KNOWLEDGE",INV-0157,HAZ-0130,SM-0109,AI-TASK-0051,TEST-0157
ENG-199,C5,"TRUTH, FOLLOWUP, AI, STATE",INV-0158,HAZ-0131,SM-0110,AI-TASK-0052,TEST-0158
ENG-200,C5,"FOLLOWUP, MED, SECURITY, KNOWLEDGE",INV-0159,HAZ-0132,SM-0111,,TEST-0159
ENG-201,C5,"TRUTH, FOLLOWUP, DIAGNOSTIC, AI, SECURITY, STATE, KNOWLEDGE",INV-0160,HAZ-0133,SM-0112,AI-TASK-0053,TEST-0160
ENG-202,C5,"FOLLOWUP, DIAGNOSTIC",INV-0161,HAZ-0134,SM-0113,,TEST-0161
ENG-203,C5,"TRUTH, DIAGNOSTIC",INV-0162,HAZ-0135,SM-0114,,TEST-0162
ENG-204,C4,DIAGNOSTIC,INV-0163,,SM-0115,,TEST-0163
ENG-205,C4,"DIAGNOSTIC, SECURITY",INV-0164,HAZ-0136,SM-0116,,TEST-0164
ENG-206,C4,DIAGNOSTIC,INV-0165,,SM-0117,,TEST-0165
ENG-207,C5,"FOLLOWUP, AI, SECURITY, STATE, KNOWLEDGE",INV-0166,HAZ-0137,SM-0118,AI-TASK-0054,TEST-0166
ENG-208,C5,FOLLOWUP,INV-0167,HAZ-0138,SM-0119,,TEST-0167
ENG-209,C5,"FOLLOWUP, DIAGNOSTIC",INV-0168,HAZ-0139,SM-0120,,TEST-0168
ENG-210,C4,DIAGNOSTIC,INV-0169,,SM-0121,,TEST-0169
ENG-211,C5,"TRUTH, FOLLOWUP, MED, DIAGNOSTIC, PEDIATRIC, AI, SECURITY, STATE, INTEROP, UX, KNOWLEDGE",INV-0170,HAZ-0140,SM-0122,AI-TASK-0055,TEST-0170
ENG-212,C5,"TRUTH, FOLLOWUP, MED, DIAGNOSTIC, AI, UX, KNOWLEDGE",INV-0171,HAZ-0141,SM-0123,AI-TASK-0056,TEST-0171
ENG-213,C5,"TRUTH, FOLLOWUP, MED, DIAGNOSTIC, AI, STATE",INV-0172,HAZ-0142,SM-0124,AI-TASK-0057,TEST-0172
ENG-214,C4,"TRUTH, AI, STATE",INV-0173,HAZ-0143,SM-0125,AI-TASK-0058,TEST-0173
ENG-215,C5,"FOLLOWUP, DIAGNOSTIC, STATE, KNOWLEDGE",INV-0174,HAZ-0144,SM-0126,,TEST-0174
ENG-216,C5,"FOLLOWUP, PEDIATRIC",INV-0175,HAZ-0145,SM-0127,,TEST-0175
ENG-217,C5,"TRUTH, FOLLOWUP, DIAGNOSTIC, AI, KNOWLEDGE",INV-0176,HAZ-0146,SM-0128,AI-TASK-0059,TEST-0176
ENG-218,C5,"TRUTH, FOLLOWUP, MED, DIAGNOSTIC, AI",INV-0177,HAZ-0147,SM-0129,AI-TASK-0060,TEST-0177
ENG-219,C5,"MED, DIAGNOSTIC",INV-0178,HAZ-0148,SM-0130,,TEST-0178
ENG-220,C5,"FOLLOWUP, MED, STATE",INV-0179,HAZ-0149,SM-0131,,TEST-0179
ENG-221,C5,"TRUTH, MED, PEDIATRIC, STATE, UX, KNOWLEDGE",INV-0180,HAZ-0150,SM-0132,,TEST-0180
ENG-222,C5,"TRUTH, DIAGNOSTIC, STATE, UX",INV-0181,HAZ-0151,SM-0133,,TEST-0181
ENG-223,C4,"TRUTH, DIAGNOSTIC, STATE, KNOWLEDGE",INV-0182,,SM-0134,,TEST-0182
ENG-224,C5,"TRUTH, FOLLOWUP, MED, DIAGNOSTIC",INV-0183,HAZ-0152,SM-0135,,TEST-0183
ENG-225,C5,"TRUTH, FOLLOWUP, DIAGNOSTIC, STATE",INV-0184,HAZ-0153,SM-0136,,TEST-0184
ENG-226,C5,"TRUTH, DIAGNOSTIC, AI",INV-0185,HAZ-0154,SM-0137,AI-TASK-0061,TEST-0185
ENG-227,C4,"TRUTH, DIAGNOSTIC, STATE",INV-0186,,SM-0138,,TEST-0186
ENG-228,C5,"TRUTH, AI",INV-0187,HAZ-0155,,AI-TASK-0062,TEST-0187
ENG-229,C5,"TRUTH, FOLLOWUP, MED, DIAGNOSTIC",INV-0188,HAZ-0156,SM-0139,,TEST-0188
ENG-230,C4,"DIAGNOSTIC, AI",INV-0189,HAZ-0157,SM-0140,AI-TASK-0063,TEST-0189
ENG-231,C5,"TRUTH, MED, DIAGNOSTIC, AI, STATE",INV-0190,HAZ-0158,SM-0141,AI-TASK-0064,TEST-0190
ENG-232,C5,"TRUTH, DIAGNOSTIC, AI",INV-0191,HAZ-0159,SM-0142,AI-TASK-0065,TEST-0191
ENG-233,C4,"TRUTH, AI, KNOWLEDGE",INV-0192,HAZ-0160,,AI-TASK-0066,TEST-0192
ENG-234,C4,"TRUTH, AI",INV-0193,HAZ-0161,,AI-TASK-0067,TEST-0193
ENG-235,C5,"TRUTH, UX, KNOWLEDGE",INV-0194,HAZ-0162,,,TEST-0194
ENG-236,C3,"SECURITY, UX",INV-0195,HAZ-0163,,,TEST-0195
ENG-237,C5,"TRUTH, FOLLOWUP, MED, DIAGNOSTIC",INV-0196,HAZ-0164,SM-0143,,TEST-0196
ENG-238,C5,"TRUTH, FOLLOWUP, UX, KNOWLEDGE",INV-0197,HAZ-0165,SM-0144,,TEST-0197
ENG-239,C5,"TRUTH, MED, DIAGNOSTIC, AI, STATE, UX, KNOWLEDGE",INV-0198,HAZ-0166,SM-0145,AI-TASK-0068,TEST-0198
ENG-240,C4,"TRUTH, AI, STATE, KNOWLEDGE",INV-0199,HAZ-0167,SM-0146,AI-TASK-0069,TEST-0199
ENG-241,C5,"TRUTH, FOLLOWUP, STATE",INV-0200,HAZ-0168,SM-0147,,TEST-0200
ENG-242,C5,"TRUTH, FOLLOWUP",INV-0201,HAZ-0169,SM-0148,,TEST-0201
ENG-243,C5,"TRUTH, FOLLOWUP",INV-0202,HAZ-0170,SM-0149,,TEST-0202
ENG-244,C5,"FOLLOWUP, AI",INV-0203,HAZ-0171,SM-0150,AI-TASK-0070,TEST-0203
ENG-245,C5,"FOLLOWUP, MED, DIAGNOSTIC",INV-0204,HAZ-0172,SM-0151,,TEST-0204
ENG-246,C5,"FOLLOWUP, AI",INV-0205,HAZ-0173,SM-0152,AI-TASK-0071,TEST-0205
ENG-247,C5,FOLLOWUP,INV-0206,HAZ-0174,SM-0153,,TEST-0206
ENG-248,C5,"TRUTH, FOLLOWUP, DIAGNOSTIC",INV-0207,HAZ-0175,SM-0154,,TEST-0207
ENG-249,C5,"FOLLOWUP, STATE, KNOWLEDGE",INV-0208,HAZ-0176,SM-0155,,TEST-0208
ENG-250,C4,"DIAGNOSTIC, AI, KNOWLEDGE",INV-0209,HAZ-0177,SM-0156,AI-TASK-0072,TEST-0209
ENG-251,C4,"TRUTH, DIAGNOSTIC, SECURITY, STATE",INV-0210,HAZ-0178,SM-0157,,TEST-0210
ENG-253,C3,"SECURITY, STATE",INV-0211,HAZ-0179,SM-0158,,TEST-0211
ENG-254,C4,KNOWLEDGE,INV-0212,,,,TEST-0212
ENG-256,C5,"TRUTH, FOLLOWUP, STATE",INV-0213,HAZ-0180,SM-0159,,TEST-0213
ENG-257,C3,"SECURITY, STATE",INV-0214,HAZ-0181,SM-0160,,TEST-0214
ENG-258,C4,"DIAGNOSTIC, STATE, KNOWLEDGE",INV-0215,,SM-0161,,TEST-0215
ENG-259,C4,"TRUTH, KNOWLEDGE",INV-0216,,,,TEST-0216
ENG-260,C4,"TRUTH, AI, STATE, KNOWLEDGE",INV-0217,HAZ-0182,SM-0162,AI-TASK-0073,TEST-0217
ENG-261,C4,"SECURITY, KNOWLEDGE",INV-0218,HAZ-0183,,,TEST-0218
ENG-262,C4,"AI, STATE, KNOWLEDGE",INV-0219,HAZ-0184,SM-0163,AI-TASK-0074,TEST-0219
ENG-263,C5,"TRUTH, FOLLOWUP, SECURITY, KNOWLEDGE",INV-0220,HAZ-0185,SM-0164,,TEST-0220
ENG-264,C5,"TRUTH, FOLLOWUP, DIAGNOSTIC, KNOWLEDGE",INV-0221,HAZ-0186,SM-0165,,TEST-0221
ENG-265,C4,"STATE, KNOWLEDGE",INV-0222,,SM-0166,,TEST-0222
ENG-266,C5,"TRUTH, FOLLOWUP, MED, DIAGNOSTIC, AI, SECURITY, STATE",INV-0223,HAZ-0187,SM-0167,AI-TASK-0075,TEST-0223
ENG-267,C4,"TRUTH, STATE, KNOWLEDGE",INV-0224,,SM-0168,,TEST-0224
ENG-268,C5,"TRUTH, FOLLOWUP, DIAGNOSTIC, STATE, KNOWLEDGE",INV-0225,HAZ-0188,SM-0169,,TEST-0225
ENG-269,C4,"TRUTH, DIAGNOSTIC, KNOWLEDGE",INV-0226,,SM-0170,,TEST-0226
ENG-270,C4,"TRUTH, DIAGNOSTIC, KNOWLEDGE",INV-0227,,SM-0171,,TEST-0227
ENG-271,C5,"MED, AI",INV-0228,HAZ-0189,SM-0172,AI-TASK-0076,TEST-0228
ENG-272,C4,"TRUTH, STATE",INV-0229,,SM-0173,,TEST-0229
ENG-273,C5,"TRUTH, FOLLOWUP, AI, KNOWLEDGE",INV-0230,HAZ-0190,SM-0174,AI-TASK-0077,TEST-0230
ENG-274,C5,"FOLLOWUP, MED, UX",INV-0231,HAZ-0191,SM-0175,,TEST-0231
ENG-275,C5,"TRUTH, FOLLOWUP, DIAGNOSTIC, UX",INV-0232,HAZ-0192,SM-0176,,TEST-0232
ENG-276,C5,"FOLLOWUP, AI, SECURITY, STATE",INV-0233,HAZ-0193,SM-0177,AI-TASK-0078,TEST-0233
ENG-277,C4,"TRUTH, DIAGNOSTIC, AI, SECURITY, KNOWLEDGE",INV-0234,HAZ-0194,SM-0178,AI-TASK-0079,TEST-0234
ENG-278,C5,"FOLLOWUP, DIAGNOSTIC, AI, SECURITY, UX",INV-0235,HAZ-0195,SM-0179,AI-TASK-0080,TEST-0235
ENG-279,C4,"DIAGNOSTIC, AI",INV-0236,HAZ-0196,SM-0180,AI-TASK-0081,TEST-0236
ENG-280,C4,"TRUTH, AI",INV-0237,HAZ-0197,,AI-TASK-0082,TEST-0237
ENG-281,C5,"TRUTH, FOLLOWUP, MED, DIAGNOSTIC, UX",INV-0238,HAZ-0198,SM-0181,,TEST-0238
ENG-282,C4,DIAGNOSTIC,INV-0239,,SM-0182,,TEST-0239
ENG-283,C4,"DIAGNOSTIC, STATE",INV-0240,,SM-0183,,TEST-0240
ENG-284,C5,"FOLLOWUP, MED, DIAGNOSTIC, AI, STATE",INV-0241,HAZ-0199,SM-0184,AI-TASK-0083,TEST-0241
ENG-285,C4,"TRUTH, DIAGNOSTIC, AI, STATE",INV-0242,HAZ-0200,SM-0185,AI-TASK-0084,TEST-0242
ENG-286,C3,"SECURITY, STATE",INV-0243,HAZ-0201,SM-0186,,TEST-0243
ENG-287,C4,"AI, SECURITY",INV-0244,HAZ-0202,,AI-TASK-0085,TEST-0244
ENG-288,C5,"TRUTH, FOLLOWUP, SECURITY, STATE",INV-0245,HAZ-0203,SM-0187,,TEST-0245
ENG-289,C4,"TRUTH, DIAGNOSTIC, KNOWLEDGE",INV-0246,,SM-0188,,TEST-0246
ENG-290,C5,"TRUTH, FOLLOWUP, DIAGNOSTIC",INV-0247,HAZ-0204,SM-0189,,TEST-0247
ENG-291,C5,"TRUTH, FOLLOWUP, MED, AI, KNOWLEDGE",INV-0248,HAZ-0205,SM-0190,AI-TASK-0086,TEST-0248
ENG-292,C5,"TRUTH, FOLLOWUP, MED, DIAGNOSTIC, UX, KNOWLEDGE",INV-0249,HAZ-0206,SM-0191,,TEST-0249
ENG-293,C5,"TRUTH, FOLLOWUP, MED, DIAGNOSTIC, AI, SECURITY, UX, KNOWLEDGE",INV-0250,HAZ-0207,SM-0192,AI-TASK-0087,TEST-0250
ENG-294,C5,"TRUTH, MED, DIAGNOSTIC",INV-0251,HAZ-0208,SM-0193,,TEST-0251
ENG-295,C5,"DIAGNOSTIC, AI",INV-0252,HAZ-0209,SM-0194,AI-TASK-0088,TEST-0252
ENG-296,C5,"DIAGNOSTIC, KNOWLEDGE",INV-0253,HAZ-0210,SM-0195,,TEST-0253
ENG-297,C5,"FOLLOWUP, DIAGNOSTIC, SECURITY, STATE, KNOWLEDGE",INV-0254,HAZ-0211,SM-0196,,TEST-0254
ENG-298,C5,"TRUTH, AI, STATE",INV-0255,HAZ-0212,SM-0197,AI-TASK-0089,TEST-0255
ENG-299,C4,TRUTH,INV-0256,,,,TEST-0256
ENG-300,C5,"FOLLOWUP, AI, STATE",INV-0257,HAZ-0213,SM-0198,AI-TASK-0090,TEST-0257
ENG-301,C5,"TRUTH, FOLLOWUP, AI, STATE, UX",INV-0258,HAZ-0214,SM-0199,AI-TASK-0091,TEST-0258
ENG-302,C5,"TRUTH, FOLLOWUP, DIAGNOSTIC, SECURITY, STATE",INV-0259,HAZ-0215,SM-0200,,TEST-0259
ENG-303,C5,"TRUTH, FOLLOWUP, DIAGNOSTIC, AI, STATE",INV-0260,HAZ-0216,SM-0201,AI-TASK-0092,TEST-0260
ENG-304,C4,"TRUTH, AI, STATE, KNOWLEDGE",INV-0261,HAZ-0217,SM-0202,AI-TASK-0093,TEST-0261
ENG-305,C5,"FOLLOWUP, AI",INV-0262,HAZ-0218,SM-0203,AI-TASK-0094,TEST-0262
ENG-306,C5,"FOLLOWUP, MED, DIAGNOSTIC, STATE",INV-0263,HAZ-0219,SM-0204,,TEST-0263
ENG-307,C5,"TRUTH, FOLLOWUP, STATE",INV-0264,HAZ-0220,SM-0205,,TEST-0264
ENG-308,C5,"FOLLOWUP, STATE",INV-0265,HAZ-0221,SM-0206,,TEST-0265
ENG-309,C5,"FOLLOWUP, AI, SECURITY, STATE, KNOWLEDGE",INV-0266,HAZ-0222,SM-0207,AI-TASK-0095,TEST-0266
ENG-310,C5,"FOLLOWUP, MED, DIAGNOSTIC, AI, SECURITY, STATE, KNOWLEDGE",INV-0267,HAZ-0223,SM-0208,AI-TASK-0096,TEST-0267
ENG-311,C5,"TRUTH, FOLLOWUP",INV-0268,HAZ-0224,SM-0209,,TEST-0268
ENG-312,C4,"TRUTH, AI, SECURITY, STATE, KNOWLEDGE",INV-0269,HAZ-0225,SM-0210,AI-TASK-0097,TEST-0269
ENG-313,C4,"TRUTH, AI, SECURITY, STATE, UX, KNOWLEDGE",INV-0270,HAZ-0226,SM-0211,AI-TASK-0098,TEST-0270
ENG-314,C4,"AI, STATE, KNOWLEDGE",INV-0271,HAZ-0227,SM-0212,AI-TASK-0099,TEST-0271
ENG-315,C4,"TRUTH, DIAGNOSTIC, STATE, KNOWLEDGE",INV-0272,,SM-0213,,TEST-0272
ENG-316,C3,"SECURITY, STATE, INTEROP",INV-0273,HAZ-0228,SM-0214,,TEST-0273
ENG-317,C5,"FOLLOWUP, AI, STATE, UX, KNOWLEDGE",INV-0274,HAZ-0229,SM-0215,AI-TASK-0100,TEST-0274
ENG-318,C5,"MED, PEDIATRIC, AI",INV-0275,HAZ-0230,SM-0216,AI-TASK-0101,TEST-0275
ENG-319,C5,"PEDIATRIC, STATE, KNOWLEDGE",INV-0276,HAZ-0231,SM-0217,,TEST-0276
ENG-320,C4,"AI, STATE",INV-0277,HAZ-0232,SM-0218,AI-TASK-0102,TEST-0277
ENG-321,C4,"DIAGNOSTIC, AI, STATE, KNOWLEDGE",INV-0278,HAZ-0233,SM-0219,AI-TASK-0103,TEST-0278
ENG-322,C4,"DIAGNOSTIC, AI, STATE, KNOWLEDGE",INV-0279,HAZ-0234,SM-0220,AI-TASK-0104,TEST-0279
ENG-323,C4,AI,INV-0280,HAZ-0235,,AI-TASK-0105,TEST-0280
ENG-324,C4,"TRUTH, AI, UX",INV-0281,HAZ-0236,,AI-TASK-0106,TEST-0281
ENG-325,C5,"FOLLOWUP, DIAGNOSTIC, STATE, UX",INV-0282,HAZ-0237,SM-0221,,TEST-0282
ENG-326,C4,"TRUTH, STATE, KNOWLEDGE",INV-0283,,SM-0222,,TEST-0283
ENG-327,C5,UX,INV-0284,HAZ-0238,,,TEST-0284
ENG-328,C4,"AI, KNOWLEDGE",INV-0285,HAZ-0239,,AI-TASK-0107,TEST-0285
ENG-329,C4,AI,INV-0286,HAZ-0240,,AI-TASK-0108,TEST-0286
ENG-330,C5,"MED, SECURITY, KNOWLEDGE",INV-0287,HAZ-0241,SM-0223,,TEST-0287
ENG-331,C2,UX,,,,,
ENG-332,C5,"TRUTH, FOLLOWUP, AI, STATE, KNOWLEDGE",INV-0288,HAZ-0242,SM-0224,AI-TASK-0109,TEST-0288
ENG-333,C4,AI,INV-0289,HAZ-0243,,AI-TASK-0110,TEST-0289
ENG-334,C4,"TRUTH, AI, STATE",INV-0290,HAZ-0244,SM-0225,AI-TASK-0111,TEST-0290
ENG-335,C5,FOLLOWUP,INV-0291,HAZ-0245,SM-0226,,TEST-0291
ENG-336,C4,"TRUTH, SECURITY, STATE",INV-0292,HAZ-0246,SM-0227,,TEST-0292
ENG-337,C5,"FOLLOWUP, AI",INV-0293,HAZ-0247,SM-0228,AI-TASK-0112,TEST-0293
ENG-338,C4,"DIAGNOSTIC, AI",INV-0294,HAZ-0248,SM-0229,AI-TASK-0113,TEST-0294
ENG-339,C4,"AI, KNOWLEDGE",INV-0295,HAZ-0249,,AI-TASK-0114,TEST-0295
ENG-340,C4,"TRUTH, UX",INV-0296,,,,TEST-0296
ENG-341,C5,"MED, PEDIATRIC, STATE, KNOWLEDGE",INV-0297,HAZ-0250,SM-0230,,TEST-0297
ENG-342,C5,"TRUTH, FOLLOWUP, MED, DIAGNOSTIC, STATE",INV-0298,HAZ-0251,SM-0231,,TEST-0298
ENG-343,C4,"DIAGNOSTIC, AI, KNOWLEDGE",INV-0299,HAZ-0252,SM-0232,AI-TASK-0115,TEST-0299
ENG-344,C5,"PEDIATRIC, KNOWLEDGE",INV-0300,HAZ-0253,,,TEST-0300
ENG-345,C4,"TRUTH, DIAGNOSTIC, AI, UX",INV-0301,HAZ-0254,SM-0233,AI-TASK-0116,TEST-0301
ENG-346,C5,"TRUTH, DIAGNOSTIC, AI, SECURITY, STATE, UX",INV-0302,HAZ-0255,SM-0234,AI-TASK-0117,TEST-0302
ENG-347,C2,,,,,,
ENG-348,C5,"TRUTH, FOLLOWUP, DIAGNOSTIC, AI, SECURITY, STATE",INV-0303,HAZ-0256,SM-0235,AI-TASK-0118,TEST-0303
