HAZ,ENG,Risk,Status,Hazard,Required Control,Linked INV
HAZ-0001,ENG-003,C4,OPEN-CONTROLLED,"Failure or semantic violation of ENG-003 may create unsafe, misleading, lost, unauthorized or unrecoverable behavior.",Prevent; detect; fail closed; audit; recover/reconcile; test.,INV-0002
HAZ-0002,ENG-006,C5,OPEN-CONTROLLED,"Failure or semantic violation of ENG-006 may create unsafe, misleading, lost, unauthorized or unrecoverable behavior.",Prevent; detect; fail closed; audit; recover/reconcile; test.,INV-0003
HAZ-0003,ENG-008,C4,OPEN-CONTROLLED,"Failure or semantic violation of ENG-008 may create unsafe, misleading, lost, unauthorized or unrecoverable behavior.",Prevent; detect; fail closed; audit; recover/reconcile; test.,INV-0004
HAZ-0004,ENG-011,C4,OPEN-CONTROLLED,"Failure or semantic violation of ENG-011 may create unsafe, misleading, lost, unauthorized or unrecoverable behavior.",Prevent; detect; fail closed; audit; recover/reconcile; test.,INV-0005
HAZ-0005,ENG-016,C5,OPEN-CONTROLLED,"Failure or semantic violation of ENG-016 may create unsafe, misleading, lost, unauthorized or unrecoverable behavior.",Prevent; detect; fail closed; audit; recover/reconcile; test.,INV-0007
HAZ-0006,ENG-018,C5,OPEN-CONTROLLED,"Failure or semantic violation of ENG-018 may create unsafe, misleading, lost, unauthorized or unrecoverable behavior.",Prevent; detect; fail closed; audit; recover/reconcile; test.,INV-0009
HAZ-0007,ENG-019,C5,OPEN-CONTROLLED,"Failure or semantic violation of ENG-019 may create unsafe, misleading, lost, unauthorized or unrecoverable behavior.",Prevent; detect; fail closed; audit; recover/reconcile; test.,INV-0010
HAZ-0008,ENG-021,C5,OPEN-CONTROLLED,"Failure or semantic violation of ENG-021 may create unsafe, misleading, lost, unauthorized or unrecoverable behavior.",Prevent; detect; fail closed; audit; recover/reconcile; test.,INV-0011
HAZ-0009,ENG-022,C3,OPEN-CONTROLLED,"Failure or semantic violation of ENG-022 may create unsafe, misleading, lost, unauthorized or unrecoverable behavior.",Prevent; detect; fail closed; audit; recover/reconcile; test.,INV-0012
HAZ-0010,ENG-023,C5,OPEN-CONTROLLED,"Failure or semantic violation of ENG-023 may create unsafe, misleading, lost, unauthorized or unrecoverable behavior.",Prevent; detect; fail closed; audit; recover/reconcile; test.,INV-0013
HAZ-0011,ENG-024,C5,OPEN-CONTROLLED,"Failure or semantic violation of ENG-024 may create unsafe, misleading, lost, unauthorized or unrecoverable behavior.",Prevent; detect; fail closed; audit; recover/reconcile; test.,INV-0014
HAZ-0012,ENG-025,C5,OPEN-CONTROLLED,"Failure or semantic violation of ENG-025 may create unsafe, misleading, lost, unauthorized or unrecoverable behavior.",Prevent; detect; fail closed; audit; recover/reconcile; test.,INV-0015
HAZ-0013,ENG-026,C4,OPEN-CONTROLLED,"Failure or semantic violation of ENG-026 may create unsafe, misleading, lost, unauthorized or unrecoverable behavior.",Prevent; detect; fail closed; audit; recover/reconcile; test.,INV-0016
HAZ-0014,ENG-027,C5,OPEN-CONTROLLED,"Failure or semantic violation of ENG-027 may create unsafe, misleading, lost, unauthorized or unrecoverable behavior.",Prevent; detect; fail closed; audit; recover/reconcile; test.,INV-0017
HAZ-0015,ENG-028,C5,OPEN-CONTROLLED,"Failure or semantic violation of ENG-028 may create unsafe, misleading, lost, unauthorized or unrecoverable behavior.",Prevent; detect; fail closed; audit; recover/reconcile; test.,INV-0018
HAZ-0016,ENG-029,C5,OPEN-CONTROLLED,"Failure or semantic violation of ENG-029 may create unsafe, misleading, lost, unauthorized or unrecoverable behavior.",Prevent; detect; fail closed; audit; recover/reconcile; test.,INV-0019
HAZ-0017,ENG-032,C5,OPEN-CONTROLLED,"Failure or semantic violation of ENG-032 may create unsafe, misleading, lost, unauthorized or unrecoverable behavior.",Prevent; detect; fail closed; audit; recover/reconcile; test.,INV-0021
HAZ-0018,ENG-033,C5,OPEN-CONTROLLED,"Failure or semantic violation of ENG-033 may create unsafe, misleading, lost, unauthorized or unrecoverable behavior.",Prevent; detect; fail closed; audit; recover/reconcile; test.,INV-0022
HAZ-0019,ENG-034,C4,OPEN-CONTROLLED,"Failure or semantic violation of ENG-034 may create unsafe, misleading, lost, unauthorized or unrecoverable behavior.",Prevent; detect; fail closed; audit; recover/reconcile; test.,INV-0023
HAZ-0020,ENG-035,C4,OPEN-CONTROLLED,"Failure or semantic violation of ENG-035 may create unsafe, misleading, lost, unauthorized or unrecoverable behavior.",Prevent; detect; fail closed; audit; recover/reconcile; test.,INV-0024
HAZ-0021,ENG-036,C4,OPEN-CONTROLLED,"Failure or semantic violation of ENG-036 may create unsafe, misleading, lost, unauthorized or unrecoverable behavior.",Prevent; detect; fail closed; audit; recover/reconcile; test.,INV-0025
HAZ-0022,ENG-037,C5,OPEN-CONTROLLED,"Failure or semantic violation of ENG-037 may create unsafe, misleading, lost, unauthorized or unrecoverable behavior.",Prevent; detect; fail closed; audit; recover/reconcile; test.,INV-0026
HAZ-0023,ENG-039,C5,OPEN-CONTROLLED,"Failure or semantic violation of ENG-039 may create unsafe, misleading, lost, unauthorized or unrecoverable behavior.",Prevent; detect; fail closed; audit; recover/reconcile; test.,INV-0028
HAZ-0024,ENG-042,C4,OPEN-CONTROLLED,"Failure or semantic violation of ENG-042 may create unsafe, misleading, lost, unauthorized or unrecoverable behavior.",Prevent; detect; fail closed; audit; recover/reconcile; test.,INV-0030
HAZ-0025,ENG-043,C4,OPEN-CONTROLLED,"Failure or semantic violation of ENG-043 may create unsafe, misleading, lost, unauthorized or unrecoverable behavior.",Prevent; detect; fail closed; audit; recover/reconcile; test.,INV-0031
HAZ-0026,ENG-045,C5,OPEN-CONTROLLED,"Failure or semantic violation of ENG-045 may create unsafe, misleading, lost, unauthorized or unrecoverable behavior.",Prevent; detect; fail closed; audit; recover/reconcile; test.,INV-0033
HAZ-0027,ENG-046,C5,OPEN-CONTROLLED,"Failure or semantic violation of ENG-046 may create unsafe, misleading, lost, unauthorized or unrecoverable behavior.",Prevent; detect; fail closed; audit; recover/reconcile; test.,INV-0034
HAZ-0028,ENG-047,C4,OPEN-CONTROLLED,"Failure or semantic violation of ENG-047 may create unsafe, misleading, lost, unauthorized or unrecoverable behavior.",Prevent; detect; fail closed; audit; recover/reconcile; test.,INV-0035
HAZ-0029,ENG-049,C5,OPEN-CONTROLLED,"Failure or semantic violation of ENG-049 may create unsafe, misleading, lost, unauthorized or unrecoverable behavior.",Prevent; detect; fail closed; audit; recover/reconcile; test.,INV-0036
HAZ-0030,ENG-050,C3,OPEN-CONTROLLED,"Failure or semantic violation of ENG-050 may create unsafe, misleading, lost, unauthorized or unrecoverable behavior.",Prevent; detect; fail closed; audit; recover/reconcile; test.,INV-0037
HAZ-0031,ENG-051,C5,OPEN-CONTROLLED,"Failure or semantic violation of ENG-051 may create unsafe, misleading, lost, unauthorized or unrecoverable behavior.",Prevent; detect; fail closed; audit; recover/reconcile; test.,INV-0038
HAZ-0032,ENG-052,C5,OPEN-CONTROLLED,"Failure or semantic violation of ENG-052 may create unsafe, misleading, lost, unauthorized or unrecoverable behavior.",Prevent; detect; fail closed; audit; recover/reconcile; test.,INV-0039
HAZ-0033,ENG-054,C3,OPEN-CONTROLLED,"Failure or semantic violation of ENG-054 may create unsafe, misleading, lost, unauthorized or unrecoverable behavior.",Prevent; detect; fail closed; audit; recover/reconcile; test.,INV-0040
HAZ-0034,ENG-055,C5,OPEN-CONTROLLED,"Failure or semantic violation of ENG-055 may create unsafe, misleading, lost, unauthorized or unrecoverable behavior.",Prevent; detect; fail closed; audit; recover/reconcile; test.,INV-0041
HAZ-0035,ENG-059,C4,OPEN-CONTROLLED,"Failure or semantic violation of ENG-059 may create unsafe, misleading, lost, unauthorized or unrecoverable behavior.",Prevent; detect; fail closed; audit; recover/reconcile; test.,INV-0042
HAZ-0036,ENG-060,C4,OPEN-CONTROLLED,"Failure or semantic violation of ENG-060 may create unsafe, misleading, lost, unauthorized or unrecoverable behavior.",Prevent; detect; fail closed; audit; recover/reconcile; test.,INV-0043
HAZ-0037,ENG-062,C5,OPEN-CONTROLLED,"Failure or semantic violation of ENG-062 may create unsafe, misleading, lost, unauthorized or unrecoverable behavior.",Prevent; detect; fail closed; audit; recover/reconcile; test.,INV-0044
HAZ-0038,ENG-064,C4,OPEN-CONTROLLED,"Failure or semantic violation of ENG-064 may create unsafe, misleading, lost, unauthorized or unrecoverable behavior.",Prevent; detect; fail closed; audit; recover/reconcile; test.,INV-0045
HAZ-0039,ENG-065,C4,OPEN-CONTROLLED,"Failure or semantic violation of ENG-065 may create unsafe, misleading, lost, unauthorized or unrecoverable behavior.",Prevent; detect; fail closed; audit; recover/reconcile; test.,INV-0046
HAZ-0040,ENG-066,C3,OPEN-CONTROLLED,"Failure or semantic violation of ENG-066 may create unsafe, misleading, lost, unauthorized or unrecoverable behavior.",Prevent; detect; fail closed; audit; recover/reconcile; test.,INV-0047
HAZ-0041,ENG-068,C5,OPEN-CONTROLLED,"Failure or semantic violation of ENG-068 may create unsafe, misleading, lost, unauthorized or unrecoverable behavior.",Prevent; detect; fail closed; audit; recover/reconcile; test.,INV-0048
HAZ-0042,ENG-070,C5,OPEN-CONTROLLED,"Failure or semantic violation of ENG-070 may create unsafe, misleading, lost, unauthorized or unrecoverable behavior.",Prevent; detect; fail closed; audit; recover/reconcile; test.,INV-0049
HAZ-0043,ENG-071,C5,OPEN-CONTROLLED,"Failure or semantic violation of ENG-071 may create unsafe, misleading, lost, unauthorized or unrecoverable behavior.",Prevent; detect; fail closed; audit; recover/reconcile; test.,INV-0050
HAZ-0044,ENG-072,C5,OPEN-CONTROLLED,"Failure or semantic violation of ENG-072 may create unsafe, misleading, lost, unauthorized or unrecoverable behavior.",Prevent; detect; fail closed; audit; recover/reconcile; test.,INV-0051
HAZ-0045,ENG-073,C5,OPEN-CONTROLLED,"Failure or semantic violation of ENG-073 may create unsafe, misleading, lost, unauthorized or unrecoverable behavior.",Prevent; detect; fail closed; audit; recover/reconcile; test.,INV-0052
HAZ-0046,ENG-074,C5,OPEN-CONTROLLED,"Failure or semantic violation of ENG-074 may create unsafe, misleading, lost, unauthorized or unrecoverable behavior.",Prevent; detect; fail closed; audit; recover/reconcile; test.,INV-0053
HAZ-0047,ENG-075,C5,OPEN-CONTROLLED,"Failure or semantic violation of ENG-075 may create unsafe, misleading, lost, unauthorized or unrecoverable behavior.",Prevent; detect; fail closed; audit; recover/reconcile; test.,INV-0054
HAZ-0048,ENG-076,C4,OPEN-CONTROLLED,"Failure or semantic violation of ENG-076 may create unsafe, misleading, lost, unauthorized or unrecoverable behavior.",Prevent; detect; fail closed; audit; recover/reconcile; test.,INV-0055
HAZ-0049,ENG-078,C5,OPEN-CONTROLLED,"Failure or semantic violation of ENG-078 may create unsafe, misleading, lost, unauthorized or unrecoverable behavior.",Prevent; detect; fail closed; audit; recover/reconcile; test.,INV-0056
HAZ-0050,ENG-084,C4,OPEN-CONTROLLED,"Failure or semantic violation of ENG-084 may create unsafe, misleading, lost, unauthorized or unrecoverable behavior.",Prevent; detect; fail closed; audit; recover/reconcile; test.,INV-0057
HAZ-0051,ENG-087,C5,OPEN-CONTROLLED,"Failure or semantic violation of ENG-087 may create unsafe, misleading, lost, unauthorized or unrecoverable behavior.",Prevent; detect; fail closed; audit; recover/reconcile; test.,INV-0060
HAZ-0052,ENG-088,C4,OPEN-CONTROLLED,"Failure or semantic violation of ENG-088 may create unsafe, misleading, lost, unauthorized or unrecoverable behavior.",Prevent; detect; fail closed; audit; recover/reconcile; test.,INV-0061
HAZ-0053,ENG-089,C3,OPEN-CONTROLLED,"Failure or semantic violation of ENG-089 may create unsafe, misleading, lost, unauthorized or unrecoverable behavior.",Prevent; detect; fail closed; audit; recover/reconcile; test.,INV-0062
HAZ-0054,ENG-090,C4,OPEN-CONTROLLED,"Failure or semantic violation of ENG-090 may create unsafe, misleading, lost, unauthorized or unrecoverable behavior.",Prevent; detect; fail closed; audit; recover/reconcile; test.,INV-0063
HAZ-0055,ENG-092,C4,OPEN-CONTROLLED,"Failure or semantic violation of ENG-092 may create unsafe, misleading, lost, unauthorized or unrecoverable behavior.",Prevent; detect; fail closed; audit; recover/reconcile; test.,INV-0064
HAZ-0056,ENG-093,C4,OPEN-CONTROLLED,"Failure or semantic violation of ENG-093 may create unsafe, misleading, lost, unauthorized or unrecoverable behavior.",Prevent; detect; fail closed; audit; recover/reconcile; test.,INV-0065
HAZ-0057,ENG-098,C5,OPEN-CONTROLLED,"Failure or semantic violation of ENG-098 may create unsafe, misleading, lost, unauthorized or unrecoverable behavior.",Prevent; detect; fail closed; audit; recover/reconcile; test.,INV-0067
HAZ-0058,ENG-101,C5,OPEN-CONTROLLED,"Failure or semantic violation of ENG-101 may create unsafe, misleading, lost, unauthorized or unrecoverable behavior.",Prevent; detect; fail closed; audit; recover/reconcile; test.,INV-0069
HAZ-0059,ENG-102,C4,OPEN-CONTROLLED,"Failure or semantic violation of ENG-102 may create unsafe, misleading, lost, unauthorized or unrecoverable behavior.",Prevent; detect; fail closed; audit; recover/reconcile; test.,INV-0070
HAZ-0060,ENG-103,C4,OPEN-CONTROLLED,"Failure or semantic violation of ENG-103 may create unsafe, misleading, lost, unauthorized or unrecoverable behavior.",Prevent; detect; fail closed; audit; recover/reconcile; test.,INV-0071
HAZ-0061,ENG-104,C3,OPEN-CONTROLLED,"Failure or semantic violation of ENG-104 may create unsafe, misleading, lost, unauthorized or unrecoverable behavior.",Prevent; detect; fail closed; audit; recover/reconcile; test.,INV-0072
HAZ-0062,ENG-105,C4,OPEN-CONTROLLED,"Failure or semantic violation of ENG-105 may create unsafe, misleading, lost, unauthorized or unrecoverable behavior.",Prevent; detect; fail closed; audit; recover/reconcile; test.,INV-0073
HAZ-0063,ENG-106,C3,OPEN-CONTROLLED,"Failure or semantic violation of ENG-106 may create unsafe, misleading, lost, unauthorized or unrecoverable behavior.",Prevent; detect; fail closed; audit; recover/reconcile; test.,INV-0074
HAZ-0064,ENG-108,C5,OPEN-CONTROLLED,"Failure or semantic violation of ENG-108 may create unsafe, misleading, lost, unauthorized or unrecoverable behavior.",Prevent; detect; fail closed; audit; recover/reconcile; test.,INV-0076
HAZ-0065,ENG-109,C4,OPEN-CONTROLLED,"Failure or semantic violation of ENG-109 may create unsafe, misleading, lost, unauthorized or unrecoverable behavior.",Prevent; detect; fail closed; audit; recover/reconcile; test.,INV-0077
HAZ-0066,ENG-110,C3,OPEN-CONTROLLED,"Failure or semantic violation of ENG-110 may create unsafe, misleading, lost, unauthorized or unrecoverable behavior.",Prevent; detect; fail closed; audit; recover/reconcile; test.,INV-0078
HAZ-0067,ENG-111,C5,OPEN-CONTROLLED,"Failure or semantic violation of ENG-111 may create unsafe, misleading, lost, unauthorized or unrecoverable behavior.",Prevent; detect; fail closed; audit; recover/reconcile; test.,INV-0079
HAZ-0068,ENG-112,C4,OPEN-CONTROLLED,"Failure or semantic violation of ENG-112 may create unsafe, misleading, lost, unauthorized or unrecoverable behavior.",Prevent; detect; fail closed; audit; recover/reconcile; test.,INV-0080
HAZ-0069,ENG-113,C3,OPEN-CONTROLLED,"Failure or semantic violation of ENG-113 may create unsafe, misleading, lost, unauthorized or unrecoverable behavior.",Prevent; detect; fail closed; audit; recover/reconcile; test.,INV-0081
HAZ-0070,ENG-114,C4,OPEN-CONTROLLED,"Failure or semantic violation of ENG-114 may create unsafe, misleading, lost, unauthorized or unrecoverable behavior.",Prevent; detect; fail closed; audit; recover/reconcile; test.,INV-0082
HAZ-0071,ENG-115,C5,OPEN-CONTROLLED,"Failure or semantic violation of ENG-115 may create unsafe, misleading, lost, unauthorized or unrecoverable behavior.",Prevent; detect; fail closed; audit; recover/reconcile; test.,INV-0083
HAZ-0072,ENG-117,C5,OPEN-CONTROLLED,"Failure or semantic violation of ENG-117 may create unsafe, misleading, lost, unauthorized or unrecoverable behavior.",Prevent; detect; fail closed; audit; recover/reconcile; test.,INV-0085
HAZ-0073,ENG-118,C5,OPEN-CONTROLLED,"Failure or semantic violation of ENG-118 may create unsafe, misleading, lost, unauthorized or unrecoverable behavior.",Prevent; detect; fail closed; audit; recover/reconcile; test.,INV-0086
HAZ-0074,ENG-119,C5,OPEN-CONTROLLED,"Failure or semantic violation of ENG-119 may create unsafe, misleading, lost, unauthorized or unrecoverable behavior.",Prevent; detect; fail closed; audit; recover/reconcile; test.,INV-0087
HAZ-0075,ENG-121,C5,OPEN-CONTROLLED,"Failure or semantic violation of ENG-121 may create unsafe, misleading, lost, unauthorized or unrecoverable behavior.",Prevent; detect; fail closed; audit; recover/reconcile; test.,INV-0088
HAZ-0076,ENG-123,C4,OPEN-CONTROLLED,"Failure or semantic violation of ENG-123 may create unsafe, misleading, lost, unauthorized or unrecoverable behavior.",Prevent; detect; fail closed; audit; recover/reconcile; test.,INV-0089
HAZ-0077,ENG-124,C5,OPEN-CONTROLLED,"Failure or semantic violation of ENG-124 may create unsafe, misleading, lost, unauthorized or unrecoverable behavior.",Prevent; detect; fail closed; audit; recover/reconcile; test.,INV-0090
HAZ-0078,ENG-125,C4,OPEN-CONTROLLED,"Failure or semantic violation of ENG-125 may create unsafe, misleading, lost, unauthorized or unrecoverable behavior.",Prevent; detect; fail closed; audit; recover/reconcile; test.,INV-0091
HAZ-0079,ENG-126,C4,OPEN-CONTROLLED,"Failure or semantic violation of ENG-126 may create unsafe, misleading, lost, unauthorized or unrecoverable behavior.",Prevent; detect; fail closed; audit; recover/reconcile; test.,INV-0092
HAZ-0080,ENG-127,C3,OPEN-CONTROLLED,"Failure or semantic violation of ENG-127 may create unsafe, misleading, lost, unauthorized or unrecoverable behavior.",Prevent; detect; fail closed; audit; recover/reconcile; test.,INV-0093
HAZ-0081,ENG-128,C4,OPEN-CONTROLLED,"Failure or semantic violation of ENG-128 may create unsafe, misleading, lost, unauthorized or unrecoverable behavior.",Prevent; detect; fail closed; audit; recover/reconcile; test.,INV-0094
HAZ-0082,ENG-133,C5,OPEN-CONTROLLED,"Failure or semantic violation of ENG-133 may create unsafe, misleading, lost, unauthorized or unrecoverable behavior.",Prevent; detect; fail closed; audit; recover/reconcile; test.,INV-0095
HAZ-0083,ENG-134,C5,OPEN-CONTROLLED,"Failure or semantic violation of ENG-134 may create unsafe, misleading, lost, unauthorized or unrecoverable behavior.",Prevent; detect; fail closed; audit; recover/reconcile; test.,INV-0096
HAZ-0084,ENG-135,C4,OPEN-CONTROLLED,"Failure or semantic violation of ENG-135 may create unsafe, misleading, lost, unauthorized or unrecoverable behavior.",Prevent; detect; fail closed; audit; recover/reconcile; test.,INV-0097
HAZ-0085,ENG-136,C5,OPEN-CONTROLLED,"Failure or semantic violation of ENG-136 may create unsafe, misleading, lost, unauthorized or unrecoverable behavior.",Prevent; detect; fail closed; audit; recover/reconcile; test.,INV-0098
HAZ-0086,ENG-137,C4,OPEN-CONTROLLED,"Failure or semantic violation of ENG-137 may create unsafe, misleading, lost, unauthorized or unrecoverable behavior.",Prevent; detect; fail closed; audit; recover/reconcile; test.,INV-0099
HAZ-0087,ENG-138,C4,OPEN-CONTROLLED,"Failure or semantic violation of ENG-138 may create unsafe, misleading, lost, unauthorized or unrecoverable behavior.",Prevent; detect; fail closed; audit; recover/reconcile; test.,INV-0100
HAZ-0088,ENG-141,C5,OPEN-CONTROLLED,"Failure or semantic violation of ENG-141 may create unsafe, misleading, lost, unauthorized or unrecoverable behavior.",Prevent; detect; fail closed; audit; recover/reconcile; test.,INV-0103
HAZ-0089,ENG-148,C5,OPEN-CONTROLLED,"Failure or semantic violation of ENG-148 may create unsafe, misleading, lost, unauthorized or unrecoverable behavior.",Prevent; detect; fail closed; audit; recover/reconcile; test.,INV-0109
HAZ-0090,ENG-149,C4,OPEN-CONTROLLED,"Failure or semantic violation of ENG-149 may create unsafe, misleading, lost, unauthorized or unrecoverable behavior.",Prevent; detect; fail closed; audit; recover/reconcile; test.,INV-0110
HAZ-0091,ENG-153,C5,OPEN-CONTROLLED,"Failure or semantic violation of ENG-153 may create unsafe, misleading, lost, unauthorized or unrecoverable behavior.",Prevent; detect; fail closed; audit; recover/reconcile; test.,INV-0114
HAZ-0092,ENG-154,C4,OPEN-CONTROLLED,"Failure or semantic violation of ENG-154 may create unsafe, misleading, lost, unauthorized or unrecoverable behavior.",Prevent; detect; fail closed; audit; recover/reconcile; test.,INV-0115
HAZ-0093,ENG-155,C5,OPEN-CONTROLLED,"Failure or semantic violation of ENG-155 may create unsafe, misleading, lost, unauthorized or unrecoverable behavior.",Prevent; detect; fail closed; audit; recover/reconcile; test.,INV-0116
HAZ-0094,ENG-156,C4,OPEN-CONTROLLED,"Failure or semantic violation of ENG-156 may create unsafe, misleading, lost, unauthorized or unrecoverable behavior.",Prevent; detect; fail closed; audit; recover/reconcile; test.,INV-0117
HAZ-0095,ENG-157,C4,OPEN-CONTROLLED,"Failure or semantic violation of ENG-157 may create unsafe, misleading, lost, unauthorized or unrecoverable behavior.",Prevent; detect; fail closed; audit; recover/reconcile; test.,INV-0118
HAZ-0096,ENG-158,C5,OPEN-CONTROLLED,"Failure or semantic violation of ENG-158 may create unsafe, misleading, lost, unauthorized or unrecoverable behavior.",Prevent; detect; fail closed; audit; recover/reconcile; test.,INV-0119
HAZ-0097,ENG-159,C5,OPEN-CONTROLLED,"Failure or semantic violation of ENG-159 may create unsafe, misleading, lost, unauthorized or unrecoverable behavior.",Prevent; detect; fail closed; audit; recover/reconcile; test.,INV-0120
HAZ-0098,ENG-160,C4,OPEN-CONTROLLED,"Failure or semantic violation of ENG-160 may create unsafe, misleading, lost, unauthorized or unrecoverable behavior.",Prevent; detect; fail closed; audit; recover/reconcile; test.,INV-0121
HAZ-0099,ENG-161,C5,OPEN-CONTROLLED,"Failure or semantic violation of ENG-161 may create unsafe, misleading, lost, unauthorized or unrecoverable behavior.",Prevent; detect; fail closed; audit; recover/reconcile; test.,INV-0122
HAZ-0100,ENG-162,C5,OPEN-CONTROLLED,"Failure or semantic violation of ENG-162 may create unsafe, misleading, lost, unauthorized or unrecoverable behavior.",Prevent; detect; fail closed; audit; recover/reconcile; test.,INV-0123
HAZ-0101,ENG-163,C5,OPEN-CONTROLLED,"Failure or semantic violation of ENG-163 may create unsafe, misleading, lost, unauthorized or unrecoverable behavior.",Prevent; detect; fail closed; audit; recover/reconcile; test.,INV-0124
HAZ-0102,ENG-164,C5,OPEN-CONTROLLED,"Failure or semantic violation of ENG-164 may create unsafe, misleading, lost, unauthorized or unrecoverable behavior.",Prevent; detect; fail closed; audit; recover/reconcile; test.,INV-0125
HAZ-0103,ENG-166,C4,OPEN-CONTROLLED,"Failure or semantic violation of ENG-166 may create unsafe, misleading, lost, unauthorized or unrecoverable behavior.",Prevent; detect; fail closed; audit; recover/reconcile; test.,INV-0127
HAZ-0104,ENG-167,C4,OPEN-CONTROLLED,"Failure or semantic violation of ENG-167 may create unsafe, misleading, lost, unauthorized or unrecoverable behavior.",Prevent; detect; fail closed; audit; recover/reconcile; test.,INV-0128
HAZ-0105,ENG-168,C4,OPEN-CONTROLLED,"Failure or semantic violation of ENG-168 may create unsafe, misleading, lost, unauthorized or unrecoverable behavior.",Prevent; detect; fail closed; audit; recover/reconcile; test.,INV-0129
HAZ-0106,ENG-169,C5,OPEN-CONTROLLED,"Failure or semantic violation of ENG-169 may create unsafe, misleading, lost, unauthorized or unrecoverable behavior.",Prevent; detect; fail closed; audit; recover/reconcile; test.,INV-0130
HAZ-0107,ENG-170,C5,OPEN-CONTROLLED,"Failure or semantic violation of ENG-170 may create unsafe, misleading, lost, unauthorized or unrecoverable behavior.",Prevent; detect; fail closed; audit; recover/reconcile; test.,INV-0131
HAZ-0108,ENG-172,C4,OPEN-CONTROLLED,"Failure or semantic violation of ENG-172 may create unsafe, misleading, lost, unauthorized or unrecoverable behavior.",Prevent; detect; fail closed; audit; recover/reconcile; test.,INV-0133
HAZ-0109,ENG-173,C5,OPEN-CONTROLLED,"Failure or semantic violation of ENG-173 may create unsafe, misleading, lost, unauthorized or unrecoverable behavior.",Prevent; detect; fail closed; audit; recover/reconcile; test.,INV-0134
HAZ-0110,ENG-174,C4,OPEN-CONTROLLED,"Failure or semantic violation of ENG-174 may create unsafe, misleading, lost, unauthorized or unrecoverable behavior.",Prevent; detect; fail closed; audit; recover/reconcile; test.,INV-0135
HAZ-0111,ENG-175,C5,OPEN-CONTROLLED,"Failure or semantic violation of ENG-175 may create unsafe, misleading, lost, unauthorized or unrecoverable behavior.",Prevent; detect; fail closed; audit; recover/reconcile; test.,INV-0136
HAZ-0112,ENG-179,C4,OPEN-CONTROLLED,"Failure or semantic violation of ENG-179 may create unsafe, misleading, lost, unauthorized or unrecoverable behavior.",Prevent; detect; fail closed; audit; recover/reconcile; test.,INV-0139
HAZ-0113,ENG-180,C5,OPEN-CONTROLLED,"Failure or semantic violation of ENG-180 may create unsafe, misleading, lost, unauthorized or unrecoverable behavior.",Prevent; detect; fail closed; audit; recover/reconcile; test.,INV-0140
HAZ-0114,ENG-181,C5,OPEN-CONTROLLED,"Failure or semantic violation of ENG-181 may create unsafe, misleading, lost, unauthorized or unrecoverable behavior.",Prevent; detect; fail closed; audit; recover/reconcile; test.,INV-0141
HAZ-0115,ENG-182,C5,OPEN-CONTROLLED,"Failure or semantic violation of ENG-182 may create unsafe, misleading, lost, unauthorized or unrecoverable behavior.",Prevent; detect; fail closed; audit; recover/reconcile; test.,INV-0142
HAZ-0116,ENG-183,C4,OPEN-CONTROLLED,"Failure or semantic violation of ENG-183 may create unsafe, misleading, lost, unauthorized or unrecoverable behavior.",Prevent; detect; fail closed; audit; recover/reconcile; test.,INV-0143
HAZ-0117,ENG-184,C3,OPEN-CONTROLLED,"Failure or semantic violation of ENG-184 may create unsafe, misleading, lost, unauthorized or unrecoverable behavior.",Prevent; detect; fail closed; audit; recover/reconcile; test.,INV-0144
HAZ-0118,ENG-185,C4,OPEN-CONTROLLED,"Failure or semantic violation of ENG-185 may create unsafe, misleading, lost, unauthorized or unrecoverable behavior.",Prevent; detect; fail closed; audit; recover/reconcile; test.,INV-0145
HAZ-0119,ENG-186,C5,OPEN-CONTROLLED,"Failure or semantic violation of ENG-186 may create unsafe, misleading, lost, unauthorized or unrecoverable behavior.",Prevent; detect; fail closed; audit; recover/reconcile; test.,INV-0146
HAZ-0120,ENG-187,C5,OPEN-CONTROLLED,"Failure or semantic violation of ENG-187 may create unsafe, misleading, lost, unauthorized or unrecoverable behavior.",Prevent; detect; fail closed; audit; recover/reconcile; test.,INV-0147
HAZ-0121,ENG-188,C4,OPEN-CONTROLLED,"Failure or semantic violation of ENG-188 may create unsafe, misleading, lost, unauthorized or unrecoverable behavior.",Prevent; detect; fail closed; audit; recover/reconcile; test.,INV-0148
HAZ-0122,ENG-190,C5,OPEN-CONTROLLED,"Failure or semantic violation of ENG-190 may create unsafe, misleading, lost, unauthorized or unrecoverable behavior.",Prevent; detect; fail closed; audit; recover/reconcile; test.,INV-0149
HAZ-0123,ENG-191,C5,OPEN-CONTROLLED,"Failure or semantic violation of ENG-191 may create unsafe, misleading, lost, unauthorized or unrecoverable behavior.",Prevent; detect; fail closed; audit; recover/reconcile; test.,INV-0150
HAZ-0124,ENG-192,C5,OPEN-CONTROLLED,"Failure or semantic violation of ENG-192 may create unsafe, misleading, lost, unauthorized or unrecoverable behavior.",Prevent; detect; fail closed; audit; recover/reconcile; test.,INV-0151
HAZ-0125,ENG-193,C5,OPEN-CONTROLLED,"Failure or semantic violation of ENG-193 may create unsafe, misleading, lost, unauthorized or unrecoverable behavior.",Prevent; detect; fail closed; audit; recover/reconcile; test.,INV-0152
HAZ-0126,ENG-194,C5,OPEN-CONTROLLED,"Failure or semantic violation of ENG-194 may create unsafe, misleading, lost, unauthorized or unrecoverable behavior.",Prevent; detect; fail closed; audit; recover/reconcile; test.,INV-0153
HAZ-0127,ENG-195,C4,OPEN-CONTROLLED,"Failure or semantic violation of ENG-195 may create unsafe, misleading, lost, unauthorized or unrecoverable behavior.",Prevent; detect; fail closed; audit; recover/reconcile; test.,INV-0154
HAZ-0128,ENG-196,C5,OPEN-CONTROLLED,"Failure or semantic violation of ENG-196 may create unsafe, misleading, lost, unauthorized or unrecoverable behavior.",Prevent; detect; fail closed; audit; recover/reconcile; test.,INV-0155
HAZ-0129,ENG-197,C5,OPEN-CONTROLLED,"Failure or semantic violation of ENG-197 may create unsafe, misleading, lost, unauthorized or unrecoverable behavior.",Prevent; detect; fail closed; audit; recover/reconcile; test.,INV-0156
HAZ-0130,ENG-198,C4,OPEN-CONTROLLED,"Failure or semantic violation of ENG-198 may create unsafe, misleading, lost, unauthorized or unrecoverable behavior.",Prevent; detect; fail closed; audit; recover/reconcile; test.,INV-0157
HAZ-0131,ENG-199,C5,OPEN-CONTROLLED,"Failure or semantic violation of ENG-199 may create unsafe, misleading, lost, unauthorized or unrecoverable behavior.",Prevent; detect; fail closed; audit; recover/reconcile; test.,INV-0158
HAZ-0132,ENG-200,C5,OPEN-CONTROLLED,"Failure or semantic violation of ENG-200 may create unsafe, misleading, lost, unauthorized or unrecoverable behavior.",Prevent; detect; fail closed; audit; recover/reconcile; test.,INV-0159
HAZ-0133,ENG-201,C5,OPEN-CONTROLLED,"Failure or semantic violation of ENG-201 may create unsafe, misleading, lost, unauthorized or unrecoverable behavior.",Prevent; detect; fail closed; audit; recover/reconcile; test.,INV-0160
HAZ-0134,ENG-202,C5,OPEN-CONTROLLED,"Failure or semantic violation of ENG-202 may create unsafe, misleading, lost, unauthorized or unrecoverable behavior.",Prevent; detect; fail closed; audit; recover/reconcile; test.,INV-0161
HAZ-0135,ENG-203,C5,OPEN-CONTROLLED,"Failure or semantic violation of ENG-203 may create unsafe, misleading, lost, unauthorized or unrecoverable behavior.",Prevent; detect; fail closed; audit; recover/reconcile; test.,INV-0162
HAZ-0136,ENG-205,C4,OPEN-CONTROLLED,"Failure or semantic violation of ENG-205 may create unsafe, misleading, lost, unauthorized or unrecoverable behavior.",Prevent; detect; fail closed; audit; recover/reconcile; test.,INV-0164
HAZ-0137,ENG-207,C5,OPEN-CONTROLLED,"Failure or semantic violation of ENG-207 may create unsafe, misleading, lost, unauthorized or unrecoverable behavior.",Prevent; detect; fail closed; audit; recover/reconcile; test.,INV-0166
HAZ-0138,ENG-208,C5,OPEN-CONTROLLED,"Failure or semantic violation of ENG-208 may create unsafe, misleading, lost, unauthorized or unrecoverable behavior.",Prevent; detect; fail closed; audit; recover/reconcile; test.,INV-0167
HAZ-0139,ENG-209,C5,OPEN-CONTROLLED,"Failure or semantic violation of ENG-209 may create unsafe, misleading, lost, unauthorized or unrecoverable behavior.",Prevent; detect; fail closed; audit; recover/reconcile; test.,INV-0168
HAZ-0140,ENG-211,C5,OPEN-CONTROLLED,"Failure or semantic violation of ENG-211 may create unsafe, misleading, lost, unauthorized or unrecoverable behavior.",Prevent; detect; fail closed; audit; recover/reconcile; test.,INV-0170
HAZ-0141,ENG-212,C5,OPEN-CONTROLLED,"Failure or semantic violation of ENG-212 may create unsafe, misleading, lost, unauthorized or unrecoverable behavior.",Prevent; detect; fail closed; audit; recover/reconcile; test.,INV-0171
HAZ-0142,ENG-213,C5,OPEN-CONTROLLED,"Failure or semantic violation of ENG-213 may create unsafe, misleading, lost, unauthorized or unrecoverable behavior.",Prevent; detect; fail closed; audit; recover/reconcile; test.,INV-0172
HAZ-0143,ENG-214,C4,OPEN-CONTROLLED,"Failure or semantic violation of ENG-214 may create unsafe, misleading, lost, unauthorized or unrecoverable behavior.",Prevent; detect; fail closed; audit; recover/reconcile; test.,INV-0173
HAZ-0144,ENG-215,C5,OPEN-CONTROLLED,"Failure or semantic violation of ENG-215 may create unsafe, misleading, lost, unauthorized or unrecoverable behavior.",Prevent; detect; fail closed; audit; recover/reconcile; test.,INV-0174
HAZ-0145,ENG-216,C5,OPEN-CONTROLLED,"Failure or semantic violation of ENG-216 may create unsafe, misleading, lost, unauthorized or unrecoverable behavior.",Prevent; detect; fail closed; audit; recover/reconcile; test.,INV-0175
HAZ-0146,ENG-217,C5,OPEN-CONTROLLED,"Failure or semantic violation of ENG-217 may create unsafe, misleading, lost, unauthorized or unrecoverable behavior.",Prevent; detect; fail closed; audit; recover/reconcile; test.,INV-0176
HAZ-0147,ENG-218,C5,OPEN-CONTROLLED,"Failure or semantic violation of ENG-218 may create unsafe, misleading, lost, unauthorized or unrecoverable behavior.",Prevent; detect; fail closed; audit; recover/reconcile; test.,INV-0177
HAZ-0148,ENG-219,C5,OPEN-CONTROLLED,"Failure or semantic violation of ENG-219 may create unsafe, misleading, lost, unauthorized or unrecoverable behavior.",Prevent; detect; fail closed; audit; recover/reconcile; test.,INV-0178
HAZ-0149,ENG-220,C5,OPEN-CONTROLLED,"Failure or semantic violation of ENG-220 may create unsafe, misleading, lost, unauthorized or unrecoverable behavior.",Prevent; detect; fail closed; audit; recover/reconcile; test.,INV-0179
HAZ-0150,ENG-221,C5,OPEN-CONTROLLED,"Failure or semantic violation of ENG-221 may create unsafe, misleading, lost, unauthorized or unrecoverable behavior.",Prevent; detect; fail closed; audit; recover/reconcile; test.,INV-0180
HAZ-0151,ENG-222,C5,OPEN-CONTROLLED,"Failure or semantic violation of ENG-222 may create unsafe, misleading, lost, unauthorized or unrecoverable behavior.",Prevent; detect; fail closed; audit; recover/reconcile; test.,INV-0181
HAZ-0152,ENG-224,C5,OPEN-CONTROLLED,"Failure or semantic violation of ENG-224 may create unsafe, misleading, lost, unauthorized or unrecoverable behavior.",Prevent; detect; fail closed; audit; recover/reconcile; test.,INV-0183
HAZ-0153,ENG-225,C5,OPEN-CONTROLLED,"Failure or semantic violation of ENG-225 may create unsafe, misleading, lost, unauthorized or unrecoverable behavior.",Prevent; detect; fail closed; audit; recover/reconcile; test.,INV-0184
HAZ-0154,ENG-226,C5,OPEN-CONTROLLED,"Failure or semantic violation of ENG-226 may create unsafe, misleading, lost, unauthorized or unrecoverable behavior.",Prevent; detect; fail closed; audit; recover/reconcile; test.,INV-0185
HAZ-0155,ENG-228,C5,OPEN-CONTROLLED,"Failure or semantic violation of ENG-228 may create unsafe, misleading, lost, unauthorized or unrecoverable behavior.",Prevent; detect; fail closed; audit; recover/reconcile; test.,INV-0187
HAZ-0156,ENG-229,C5,OPEN-CONTROLLED,"Failure or semantic violation of ENG-229 may create unsafe, misleading, lost, unauthorized or unrecoverable behavior.",Prevent; detect; fail closed; audit; recover/reconcile; test.,INV-0188
HAZ-0157,ENG-230,C4,OPEN-CONTROLLED,"Failure or semantic violation of ENG-230 may create unsafe, misleading, lost, unauthorized or unrecoverable behavior.",Prevent; detect; fail closed; audit; recover/reconcile; test.,INV-0189
HAZ-0158,ENG-231,C5,OPEN-CONTROLLED,"Failure or semantic violation of ENG-231 may create unsafe, misleading, lost, unauthorized or unrecoverable behavior.",Prevent; detect; fail closed; audit; recover/reconcile; test.,INV-0190
HAZ-0159,ENG-232,C5,OPEN-CONTROLLED,"Failure or semantic violation of ENG-232 may create unsafe, misleading, lost, unauthorized or unrecoverable behavior.",Prevent; detect; fail closed; audit; recover/reconcile; test.,INV-0191
HAZ-0160,ENG-233,C4,OPEN-CONTROLLED,"Failure or semantic violation of ENG-233 may create unsafe, misleading, lost, unauthorized or unrecoverable behavior.",Prevent; detect; fail closed; audit; recover/reconcile; test.,INV-0192
HAZ-0161,ENG-234,C4,OPEN-CONTROLLED,"Failure or semantic violation of ENG-234 may create unsafe, misleading, lost, unauthorized or unrecoverable behavior.",Prevent; detect; fail closed; audit; recover/reconcile; test.,INV-0193
HAZ-0162,ENG-235,C5,OPEN-CONTROLLED,"Failure or semantic violation of ENG-235 may create unsafe, misleading, lost, unauthorized or unrecoverable behavior.",Prevent; detect; fail closed; audit; recover/reconcile; test.,INV-0194
HAZ-0163,ENG-236,C3,OPEN-CONTROLLED,"Failure or semantic violation of ENG-236 may create unsafe, misleading, lost, unauthorized or unrecoverable behavior.",Prevent; detect; fail closed; audit; recover/reconcile; test.,INV-0195
HAZ-0164,ENG-237,C5,OPEN-CONTROLLED,"Failure or semantic violation of ENG-237 may create unsafe, misleading, lost, unauthorized or unrecoverable behavior.",Prevent; detect; fail closed; audit; recover/reconcile; test.,INV-0196
HAZ-0165,ENG-238,C5,OPEN-CONTROLLED,"Failure or semantic violation of ENG-238 may create unsafe, misleading, lost, unauthorized or unrecoverable behavior.",Prevent; detect; fail closed; audit; recover/reconcile; test.,INV-0197
HAZ-0166,ENG-239,C5,OPEN-CONTROLLED,"Failure or semantic violation of ENG-239 may create unsafe, misleading, lost, unauthorized or unrecoverable behavior.",Prevent; detect; fail closed; audit; recover/reconcile; test.,INV-0198
HAZ-0167,ENG-240,C4,OPEN-CONTROLLED,"Failure or semantic violation of ENG-240 may create unsafe, misleading, lost, unauthorized or unrecoverable behavior.",Prevent; detect; fail closed; audit; recover/reconcile; test.,INV-0199
HAZ-0168,ENG-241,C5,OPEN-CONTROLLED,"Failure or semantic violation of ENG-241 may create unsafe, misleading, lost, unauthorized or unrecoverable behavior.",Prevent; detect; fail closed; audit; recover/reconcile; test.,INV-0200
HAZ-0169,ENG-242,C5,OPEN-CONTROLLED,"Failure or semantic violation of ENG-242 may create unsafe, misleading, lost, unauthorized or unrecoverable behavior.",Prevent; detect; fail closed; audit; recover/reconcile; test.,INV-0201
HAZ-0170,ENG-243,C5,OPEN-CONTROLLED,"Failure or semantic violation of ENG-243 may create unsafe, misleading, lost, unauthorized or unrecoverable behavior.",Prevent; detect; fail closed; audit; recover/reconcile; test.,INV-0202
HAZ-0171,ENG-244,C5,OPEN-CONTROLLED,"Failure or semantic violation of ENG-244 may create unsafe, misleading, lost, unauthorized or unrecoverable behavior.",Prevent; detect; fail closed; audit; recover/reconcile; test.,INV-0203
HAZ-0172,ENG-245,C5,OPEN-CONTROLLED,"Failure or semantic violation of ENG-245 may create unsafe, misleading, lost, unauthorized or unrecoverable behavior.",Prevent; detect; fail closed; audit; recover/reconcile; test.,INV-0204
HAZ-0173,ENG-246,C5,OPEN-CONTROLLED,"Failure or semantic violation of ENG-246 may create unsafe, misleading, lost, unauthorized or unrecoverable behavior.",Prevent; detect; fail closed; audit; recover/reconcile; test.,INV-0205
HAZ-0174,ENG-247,C5,OPEN-CONTROLLED,"Failure or semantic violation of ENG-247 may create unsafe, misleading, lost, unauthorized or unrecoverable behavior.",Prevent; detect; fail closed; audit; recover/reconcile; test.,INV-0206
HAZ-0175,ENG-248,C5,OPEN-CONTROLLED,"Failure or semantic violation of ENG-248 may create unsafe, misleading, lost, unauthorized or unrecoverable behavior.",Prevent; detect; fail closed; audit; recover/reconcile; test.,INV-0207
HAZ-0176,ENG-249,C5,OPEN-CONTROLLED,"Failure or semantic violation of ENG-249 may create unsafe, misleading, lost, unauthorized or unrecoverable behavior.",Prevent; detect; fail closed; audit; recover/reconcile; test.,INV-0208
HAZ-0177,ENG-250,C4,OPEN-CONTROLLED,"Failure or semantic violation of ENG-250 may create unsafe, misleading, lost, unauthorized or unrecoverable behavior.",Prevent; detect; fail closed; audit; recover/reconcile; test.,INV-0209
HAZ-0178,ENG-251,C4,OPEN-CONTROLLED,"Failure or semantic violation of ENG-251 may create unsafe, misleading, lost, unauthorized or unrecoverable behavior.",Prevent; detect; fail closed; audit; recover/reconcile; test.,INV-0210
HAZ-0179,ENG-253,C3,OPEN-CONTROLLED,"Failure or semantic violation of ENG-253 may create unsafe, misleading, lost, unauthorized or unrecoverable behavior.",Prevent; detect; fail closed; audit; recover/reconcile; test.,INV-0211
HAZ-0180,ENG-256,C5,OPEN-CONTROLLED,"Failure or semantic violation of ENG-256 may create unsafe, misleading, lost, unauthorized or unrecoverable behavior.",Prevent; detect; fail closed; audit; recover/reconcile; test.,INV-0213
HAZ-0181,ENG-257,C3,OPEN-CONTROLLED,"Failure or semantic violation of ENG-257 may create unsafe, misleading, lost, unauthorized or unrecoverable behavior.",Prevent; detect; fail closed; audit; recover/reconcile; test.,INV-0214
HAZ-0182,ENG-260,C4,OPEN-CONTROLLED,"Failure or semantic violation of ENG-260 may create unsafe, misleading, lost, unauthorized or unrecoverable behavior.",Prevent; detect; fail closed; audit; recover/reconcile; test.,INV-0217
HAZ-0183,ENG-261,C4,OPEN-CONTROLLED,"Failure or semantic violation of ENG-261 may create unsafe, misleading, lost, unauthorized or unrecoverable behavior.",Prevent; detect; fail closed; audit; recover/reconcile; test.,INV-0218
HAZ-0184,ENG-262,C4,OPEN-CONTROLLED,"Failure or semantic violation of ENG-262 may create unsafe, misleading, lost, unauthorized or unrecoverable behavior.",Prevent; detect; fail closed; audit; recover/reconcile; test.,INV-0219
HAZ-0185,ENG-263,C5,OPEN-CONTROLLED,"Failure or semantic violation of ENG-263 may create unsafe, misleading, lost, unauthorized or unrecoverable behavior.",Prevent; detect; fail closed; audit; recover/reconcile; test.,INV-0220
HAZ-0186,ENG-264,C5,OPEN-CONTROLLED,"Failure or semantic violation of ENG-264 may create unsafe, misleading, lost, unauthorized or unrecoverable behavior.",Prevent; detect; fail closed; audit; recover/reconcile; test.,INV-0221
HAZ-0187,ENG-266,C5,OPEN-CONTROLLED,"Failure or semantic violation of ENG-266 may create unsafe, misleading, lost, unauthorized or unrecoverable behavior.",Prevent; detect; fail closed; audit; recover/reconcile; test.,INV-0223
HAZ-0188,ENG-268,C5,OPEN-CONTROLLED,"Failure or semantic violation of ENG-268 may create unsafe, misleading, lost, unauthorized or unrecoverable behavior.",Prevent; detect; fail closed; audit; recover/reconcile; test.,INV-0225
HAZ-0189,ENG-271,C5,OPEN-CONTROLLED,"Failure or semantic violation of ENG-271 may create unsafe, misleading, lost, unauthorized or unrecoverable behavior.",Prevent; detect; fail closed; audit; recover/reconcile; test.,INV-0228
HAZ-0190,ENG-273,C5,OPEN-CONTROLLED,"Failure or semantic violation of ENG-273 may create unsafe, misleading, lost, unauthorized or unrecoverable behavior.",Prevent; detect; fail closed; audit; recover/reconcile; test.,INV-0230
HAZ-0191,ENG-274,C5,OPEN-CONTROLLED,"Failure or semantic violation of ENG-274 may create unsafe, misleading, lost, unauthorized or unrecoverable behavior.",Prevent; detect; fail closed; audit; recover/reconcile; test.,INV-0231
HAZ-0192,ENG-275,C5,OPEN-CONTROLLED,"Failure or semantic violation of ENG-275 may create unsafe, misleading, lost, unauthorized or unrecoverable behavior.",Prevent; detect; fail closed; audit; recover/reconcile; test.,INV-0232
HAZ-0193,ENG-276,C5,OPEN-CONTROLLED,"Failure or semantic violation of ENG-276 may create unsafe, misleading, lost, unauthorized or unrecoverable behavior.",Prevent; detect; fail closed; audit; recover/reconcile; test.,INV-0233
HAZ-0194,ENG-277,C4,OPEN-CONTROLLED,"Failure or semantic violation of ENG-277 may create unsafe, misleading, lost, unauthorized or unrecoverable behavior.",Prevent; detect; fail closed; audit; recover/reconcile; test.,INV-0234
HAZ-0195,ENG-278,C5,OPEN-CONTROLLED,"Failure or semantic violation of ENG-278 may create unsafe, misleading, lost, unauthorized or unrecoverable behavior.",Prevent; detect; fail closed; audit; recover/reconcile; test.,INV-0235
HAZ-0196,ENG-279,C4,OPEN-CONTROLLED,"Failure or semantic violation of ENG-279 may create unsafe, misleading, lost, unauthorized or unrecoverable behavior.",Prevent; detect; fail closed; audit; recover/reconcile; test.,INV-0236
HAZ-0197,ENG-280,C4,OPEN-CONTROLLED,"Failure or semantic violation of ENG-280 may create unsafe, misleading, lost, unauthorized or unrecoverable behavior.",Prevent; detect; fail closed; audit; recover/reconcile; test.,INV-0237
HAZ-0198,ENG-281,C5,OPEN-CONTROLLED,"Failure or semantic violation of ENG-281 may create unsafe, misleading, lost, unauthorized or unrecoverable behavior.",Prevent; detect; fail closed; audit; recover/reconcile; test.,INV-0238
HAZ-0199,ENG-284,C5,OPEN-CONTROLLED,"Failure or semantic violation of ENG-284 may create unsafe, misleading, lost, unauthorized or unrecoverable behavior.",Prevent; detect; fail closed; audit; recover/reconcile; test.,INV-0241
HAZ-0200,ENG-285,C4,OPEN-CONTROLLED,"Failure or semantic violation of ENG-285 may create unsafe, misleading, lost, unauthorized or unrecoverable behavior.",Prevent; detect; fail closed; audit; recover/reconcile; test.,INV-0242
HAZ-0201,ENG-286,C3,OPEN-CONTROLLED,"Failure or semantic violation of ENG-286 may create unsafe, misleading, lost, unauthorized or unrecoverable behavior.",Prevent; detect; fail closed; audit; recover/reconcile; test.,INV-0243
HAZ-0202,ENG-287,C4,OPEN-CONTROLLED,"Failure or semantic violation of ENG-287 may create unsafe, misleading, lost, unauthorized or unrecoverable behavior.",Prevent; detect; fail closed; audit; recover/reconcile; test.,INV-0244
HAZ-0203,ENG-288,C5,OPEN-CONTROLLED,"Failure or semantic violation of ENG-288 may create unsafe, misleading, lost, unauthorized or unrecoverable behavior.",Prevent; detect; fail closed; audit; recover/reconcile; test.,INV-0245
HAZ-0204,ENG-290,C5,OPEN-CONTROLLED,"Failure or semantic violation of ENG-290 may create unsafe, misleading, lost, unauthorized or unrecoverable behavior.",Prevent; detect; fail closed; audit; recover/reconcile; test.,INV-0247
HAZ-0205,ENG-291,C5,OPEN-CONTROLLED,"Failure or semantic violation of ENG-291 may create unsafe, misleading, lost, unauthorized or unrecoverable behavior.",Prevent; detect; fail closed; audit; recover/reconcile; test.,INV-0248
HAZ-0206,ENG-292,C5,OPEN-CONTROLLED,"Failure or semantic violation of ENG-292 may create unsafe, misleading, lost, unauthorized or unrecoverable behavior.",Prevent; detect; fail closed; audit; recover/reconcile; test.,INV-0249
HAZ-0207,ENG-293,C5,OPEN-CONTROLLED,"Failure or semantic violation of ENG-293 may create unsafe, misleading, lost, unauthorized or unrecoverable behavior.",Prevent; detect; fail closed; audit; recover/reconcile; test.,INV-0250
HAZ-0208,ENG-294,C5,OPEN-CONTROLLED,"Failure or semantic violation of ENG-294 may create unsafe, misleading, lost, unauthorized or unrecoverable behavior.",Prevent; detect; fail closed; audit; recover/reconcile; test.,INV-0251
HAZ-0209,ENG-295,C5,OPEN-CONTROLLED,"Failure or semantic violation of ENG-295 may create unsafe, misleading, lost, unauthorized or unrecoverable behavior.",Prevent; detect; fail closed; audit; recover/reconcile; test.,INV-0252
HAZ-0210,ENG-296,C5,OPEN-CONTROLLED,"Failure or semantic violation of ENG-296 may create unsafe, misleading, lost, unauthorized or unrecoverable behavior.",Prevent; detect; fail closed; audit; recover/reconcile; test.,INV-0253
HAZ-0211,ENG-297,C5,OPEN-CONTROLLED,"Failure or semantic violation of ENG-297 may create unsafe, misleading, lost, unauthorized or unrecoverable behavior.",Prevent; detect; fail closed; audit; recover/reconcile; test.,INV-0254
HAZ-0212,ENG-298,C5,OPEN-CONTROLLED,"Failure or semantic violation of ENG-298 may create unsafe, misleading, lost, unauthorized or unrecoverable behavior.",Prevent; detect; fail closed; audit; recover/reconcile; test.,INV-0255
HAZ-0213,ENG-300,C5,OPEN-CONTROLLED,"Failure or semantic violation of ENG-300 may create unsafe, misleading, lost, unauthorized or unrecoverable behavior.",Prevent; detect; fail closed; audit; recover/reconcile; test.,INV-0257
HAZ-0214,ENG-301,C5,OPEN-CONTROLLED,"Failure or semantic violation of ENG-301 may create unsafe, misleading, lost, unauthorized or unrecoverable behavior.",Prevent; detect; fail closed; audit; recover/reconcile; test.,INV-0258
HAZ-0215,ENG-302,C5,OPEN-CONTROLLED,"Failure or semantic violation of ENG-302 may create unsafe, misleading, lost, unauthorized or unrecoverable behavior.",Prevent; detect; fail closed; audit; recover/reconcile; test.,INV-0259
HAZ-0216,ENG-303,C5,OPEN-CONTROLLED,"Failure or semantic violation of ENG-303 may create unsafe, misleading, lost, unauthorized or unrecoverable behavior.",Prevent; detect; fail closed; audit; recover/reconcile; test.,INV-0260
HAZ-0217,ENG-304,C4,OPEN-CONTROLLED,"Failure or semantic violation of ENG-304 may create unsafe, misleading, lost, unauthorized or unrecoverable behavior.",Prevent; detect; fail closed; audit; recover/reconcile; test.,INV-0261
HAZ-0218,ENG-305,C5,OPEN-CONTROLLED,"Failure or semantic violation of ENG-305 may create unsafe, misleading, lost, unauthorized or unrecoverable behavior.",Prevent; detect; fail closed; audit; recover/reconcile; test.,INV-0262
HAZ-0219,ENG-306,C5,OPEN-CONTROLLED,"Failure or semantic violation of ENG-306 may create unsafe, misleading, lost, unauthorized or unrecoverable behavior.",Prevent; detect; fail closed; audit; recover/reconcile; test.,INV-0263
HAZ-0220,ENG-307,C5,OPEN-CONTROLLED,"Failure or semantic violation of ENG-307 may create unsafe, misleading, lost, unauthorized or unrecoverable behavior.",Prevent; detect; fail closed; audit; recover/reconcile; test.,INV-0264
HAZ-0221,ENG-308,C5,OPEN-CONTROLLED,"Failure or semantic violation of ENG-308 may create unsafe, misleading, lost, unauthorized or unrecoverable behavior.",Prevent; detect; fail closed; audit; recover/reconcile; test.,INV-0265
HAZ-0222,ENG-309,C5,OPEN-CONTROLLED,"Failure or semantic violation of ENG-309 may create unsafe, misleading, lost, unauthorized or unrecoverable behavior.",Prevent; detect; fail closed; audit; recover/reconcile; test.,INV-0266
HAZ-0223,ENG-310,C5,OPEN-CONTROLLED,"Failure or semantic violation of ENG-310 may create unsafe, misleading, lost, unauthorized or unrecoverable behavior.",Prevent; detect; fail closed; audit; recover/reconcile; test.,INV-0267
HAZ-0224,ENG-311,C5,OPEN-CONTROLLED,"Failure or semantic violation of ENG-311 may create unsafe, misleading, lost, unauthorized or unrecoverable behavior.",Prevent; detect; fail closed; audit; recover/reconcile; test.,INV-0268
HAZ-0225,ENG-312,C4,OPEN-CONTROLLED,"Failure or semantic violation of ENG-312 may create unsafe, misleading, lost, unauthorized or unrecoverable behavior.",Prevent; detect; fail closed; audit; recover/reconcile; test.,INV-0269
HAZ-0226,ENG-313,C4,OPEN-CONTROLLED,"Failure or semantic violation of ENG-313 may create unsafe, misleading, lost, unauthorized or unrecoverable behavior.",Prevent; detect; fail closed; audit; recover/reconcile; test.,INV-0270
HAZ-0227,ENG-314,C4,OPEN-CONTROLLED,"Failure or semantic violation of ENG-314 may create unsafe, misleading, lost, unauthorized or unrecoverable behavior.",Prevent; detect; fail closed; audit; recover/reconcile; test.,INV-0271
HAZ-0228,ENG-316,C3,OPEN-CONTROLLED,"Failure or semantic violation of ENG-316 may create unsafe, misleading, lost, unauthorized or unrecoverable behavior.",Prevent; detect; fail closed; audit; recover/reconcile; test.,INV-0273
HAZ-0229,ENG-317,C5,OPEN-CONTROLLED,"Failure or semantic violation of ENG-317 may create unsafe, misleading, lost, unauthorized or unrecoverable behavior.",Prevent; detect; fail closed; audit; recover/reconcile; test.,INV-0274
HAZ-0230,ENG-318,C5,OPEN-CONTROLLED,"Failure or semantic violation of ENG-318 may create unsafe, misleading, lost, unauthorized or unrecoverable behavior.",Prevent; detect; fail closed; audit; recover/reconcile; test.,INV-0275
HAZ-0231,ENG-319,C5,OPEN-CONTROLLED,"Failure or semantic violation of ENG-319 may create unsafe, misleading, lost, unauthorized or unrecoverable behavior.",Prevent; detect; fail closed; audit; recover/reconcile; test.,INV-0276
HAZ-0232,ENG-320,C4,OPEN-CONTROLLED,"Failure or semantic violation of ENG-320 may create unsafe, misleading, lost, unauthorized or unrecoverable behavior.",Prevent; detect; fail closed; audit; recover/reconcile; test.,INV-0277
HAZ-0233,ENG-321,C4,OPEN-CONTROLLED,"Failure or semantic violation of ENG-321 may create unsafe, misleading, lost, unauthorized or unrecoverable behavior.",Prevent; detect; fail closed; audit; recover/reconcile; test.,INV-0278
HAZ-0234,ENG-322,C4,OPEN-CONTROLLED,"Failure or semantic violation of ENG-322 may create unsafe, misleading, lost, unauthorized or unrecoverable behavior.",Prevent; detect; fail closed; audit; recover/reconcile; test.,INV-0279
HAZ-0235,ENG-323,C4,OPEN-CONTROLLED,"Failure or semantic violation of ENG-323 may create unsafe, misleading, lost, unauthorized or unrecoverable behavior.",Prevent; detect; fail closed; audit; recover/reconcile; test.,INV-0280
HAZ-0236,ENG-324,C4,OPEN-CONTROLLED,"Failure or semantic violation of ENG-324 may create unsafe, misleading, lost, unauthorized or unrecoverable behavior.",Prevent; detect; fail closed; audit; recover/reconcile; test.,INV-0281
HAZ-0237,ENG-325,C5,OPEN-CONTROLLED,"Failure or semantic violation of ENG-325 may create unsafe, misleading, lost, unauthorized or unrecoverable behavior.",Prevent; detect; fail closed; audit; recover/reconcile; test.,INV-0282
HAZ-0238,ENG-327,C5,OPEN-CONTROLLED,"Failure or semantic violation of ENG-327 may create unsafe, misleading, lost, unauthorized or unrecoverable behavior.",Prevent; detect; fail closed; audit; recover/reconcile; test.,INV-0284
HAZ-0239,ENG-328,C4,OPEN-CONTROLLED,"Failure or semantic violation of ENG-328 may create unsafe, misleading, lost, unauthorized or unrecoverable behavior.",Prevent; detect; fail closed; audit; recover/reconcile; test.,INV-0285
HAZ-0240,ENG-329,C4,OPEN-CONTROLLED,"Failure or semantic violation of ENG-329 may create unsafe, misleading, lost, unauthorized or unrecoverable behavior.",Prevent; detect; fail closed; audit; recover/reconcile; test.,INV-0286
HAZ-0241,ENG-330,C5,OPEN-CONTROLLED,"Failure or semantic violation of ENG-330 may create unsafe, misleading, lost, unauthorized or unrecoverable behavior.",Prevent; detect; fail closed; audit; recover/reconcile; test.,INV-0287
HAZ-0242,ENG-332,C5,OPEN-CONTROLLED,"Failure or semantic violation of ENG-332 may create unsafe, misleading, lost, unauthorized or unrecoverable behavior.",Prevent; detect; fail closed; audit; recover/reconcile; test.,INV-0288
HAZ-0243,ENG-333,C4,OPEN-CONTROLLED,"Failure or semantic violation of ENG-333 may create unsafe, misleading, lost, unauthorized or unrecoverable behavior.",Prevent; detect; fail closed; audit; recover/reconcile; test.,INV-0289
HAZ-0244,ENG-334,C4,OPEN-CONTROLLED,"Failure or semantic violation of ENG-334 may create unsafe, misleading, lost, unauthorized or unrecoverable behavior.",Prevent; detect; fail closed; audit; recover/reconcile; test.,INV-0290
HAZ-0245,ENG-335,C5,OPEN-CONTROLLED,"Failure or semantic violation of ENG-335 may create unsafe, misleading, lost, unauthorized or unrecoverable behavior.",Prevent; detect; fail closed; audit; recover/reconcile; test.,INV-0291
HAZ-0246,ENG-336,C4,OPEN-CONTROLLED,"Failure or semantic violation of ENG-336 may create unsafe, misleading, lost, unauthorized or unrecoverable behavior.",Prevent; detect; fail closed; audit; recover/reconcile; test.,INV-0292
HAZ-0247,ENG-337,C5,OPEN-CONTROLLED,"Failure or semantic violation of ENG-337 may create unsafe, misleading, lost, unauthorized or unrecoverable behavior.",Prevent; detect; fail closed; audit; recover/reconcile; test.,INV-0293
HAZ-0248,ENG-338,C4,OPEN-CONTROLLED,"Failure or semantic violation of ENG-338 may create unsafe, misleading, lost, unauthorized or unrecoverable behavior.",Prevent; detect; fail closed; audit; recover/reconcile; test.,INV-0294
HAZ-0249,ENG-339,C4,OPEN-CONTROLLED,"Failure or semantic violation of ENG-339 may create unsafe, misleading, lost, unauthorized or unrecoverable behavior.",Prevent; detect; fail closed; audit; recover/reconcile; test.,INV-0295
HAZ-0250,ENG-341,C5,OPEN-CONTROLLED,"Failure or semantic violation of ENG-341 may create unsafe, misleading, lost, unauthorized or unrecoverable behavior.",Prevent; detect; fail closed; audit; recover/reconcile; test.,INV-0297
HAZ-0251,ENG-342,C5,OPEN-CONTROLLED,"Failure or semantic violation of ENG-342 may create unsafe, misleading, lost, unauthorized or unrecoverable behavior.",Prevent; detect; fail closed; audit; recover/reconcile; test.,INV-0298
HAZ-0252,ENG-343,C4,OPEN-CONTROLLED,"Failure or semantic violation of ENG-343 may create unsafe, misleading, lost, unauthorized or unrecoverable behavior.",Prevent; detect; fail closed; audit; recover/reconcile; test.,INV-0299
HAZ-0253,ENG-344,C5,OPEN-CONTROLLED,"Failure or semantic violation of ENG-344 may create unsafe, misleading, lost, unauthorized or unrecoverable behavior.",Prevent; detect; fail closed; audit; recover/reconcile; test.,INV-0300
HAZ-0254,ENG-345,C4,OPEN-CONTROLLED,"Failure or semantic violation of ENG-345 may create unsafe, misleading, lost, unauthorized or unrecoverable behavior.",Prevent; detect; fail closed; audit; recover/reconcile; test.,INV-0301
HAZ-0255,ENG-346,C5,OPEN-CONTROLLED,"Failure or semantic violation of ENG-346 may create unsafe, misleading, lost, unauthorized or unrecoverable behavior.",Prevent; detect; fail closed; audit; recover/reconcile; test.,INV-0302
HAZ-0256,ENG-348,C5,OPEN-CONTROLLED,"Failure or semantic violation of ENG-348 may create unsafe, misleading, lost, unauthorized or unrecoverable behavior.",Prevent; detect; fail closed; audit; recover/reconcile; test.,INV-0303
