INV,ENG,Risk,Status,Invariant Contract,Failure Gate,Next Proof
INV-0001,ENG-000,C3,DRAFT-AUTHORITY-DERIVED,Implementation of ENG-000 MUST preserve its canonical constraint: Contrato entre V2 y V2.1.,Violation => release block / fail closed for affected behavior.,Needs executable predicate before implementation freeze.
INV-0002,ENG-003,C4,DRAFT-AUTHORITY-DERIVED,Implementation of ENG-003 MUST preserve its canonical constraint: Operating Model: de idea a producción.,Violation => release block / fail closed for affected behavior.,Needs executable predicate before implementation freeze.
INV-0003,ENG-006,C5,DRAFT-AUTHORITY-DERIVED,Implementation of ENG-006 MUST preserve its canonical constraint: Engineering invariants.,Violation => release block / fail closed for affected behavior.,Needs executable predicate before implementation freeze.
INV-0004,ENG-008,C4,DRAFT-AUTHORITY-DERIVED,"Implementation of ENG-008 MUST preserve its canonical constraint: Identity, tenancy and authorization.",Violation => release block / fail closed for affected behavior.,Needs executable predicate before implementation freeze.
INV-0005,ENG-011,C4,DRAFT-AUTHORITY-DERIVED,Implementation of ENG-011 MUST preserve its canonical constraint: Database conventions.,Violation => release block / fail closed for affected behavior.,Needs executable predicate before implementation freeze.
INV-0006,ENG-015,C4,DRAFT-AUTHORITY-DERIVED,Implementation of ENG-015 MUST preserve its canonical constraint: Adaptive Clinical History.,Violation => release block / fail closed for affected behavior.,Needs executable predicate before implementation freeze.
INV-0007,ENG-016,C5,DRAFT-AUTHORITY-DERIVED,Implementation of ENG-016 MUST preserve its canonical constraint: Vitals & Observation architecture.,Violation => release block / fail closed for affected behavior.,Needs executable predicate before implementation freeze.
INV-0008,ENG-017,C4,DRAFT-AUTHORITY-DERIVED,Implementation of ENG-017 MUST preserve its canonical constraint: Physical Examination OS.,Violation => release block / fail closed for affected behavior.,Needs executable predicate before implementation freeze.
INV-0009,ENG-018,C5,DRAFT-AUTHORITY-DERIVED,"Implementation of ENG-018 MUST preserve its canonical constraint: Assessment, hypotheses and Problem Lifecycle.",Violation => release block / fail closed for affected behavior.,Needs executable predicate before implementation freeze.
INV-0010,ENG-019,C5,DRAFT-AUTHORITY-DERIVED,Implementation of ENG-019 MUST preserve its canonical constraint: Clinical Decision Checkpoint.,Violation => release block / fail closed for affected behavior.,Needs executable predicate before implementation freeze.
INV-0011,ENG-021,C5,DRAFT-AUTHORITY-DERIVED,Implementation of ENG-021 MUST preserve its canonical constraint: Medication OS.,Violation => release block / fail closed for affected behavior.,Needs executable predicate before implementation freeze.
INV-0012,ENG-022,C3,DRAFT-AUTHORITY-DERIVED,Implementation of ENG-022 MUST preserve its canonical constraint: Prescription Studio.,Violation => release block / fail closed for affected behavior.,Needs executable predicate before implementation freeze.
INV-0013,ENG-023,C5,DRAFT-AUTHORITY-DERIVED,"Implementation of ENG-023 MUST preserve its canonical constraint: Orders, diagnostics and referrals.",Violation => release block / fail closed for affected behavior.,Needs executable predicate before implementation freeze.
INV-0014,ENG-024,C5,DRAFT-AUTHORITY-DERIVED,Implementation of ENG-024 MUST preserve its canonical constraint: Clinical Obligation Engine.,Violation => release block / fail closed for affected behavior.,Needs executable predicate before implementation freeze.
INV-0015,ENG-025,C5,DRAFT-AUTHORITY-DERIVED,Implementation of ENG-025 MUST preserve its canonical constraint: Result Inbox.,Violation => release block / fail closed for affected behavior.,Needs executable predicate before implementation freeze.
INV-0016,ENG-026,C4,DRAFT-AUTHORITY-DERIVED,Implementation of ENG-026 MUST preserve its canonical constraint: Document Intelligence Pipeline.,Violation => release block / fail closed for affected behavior.,Needs executable predicate before implementation freeze.
INV-0017,ENG-027,C5,DRAFT-AUTHORITY-DERIVED,Implementation of ENG-027 MUST preserve its canonical constraint: Laboratory OS.,Violation => release block / fail closed for affected behavior.,Needs executable predicate before implementation freeze.
INV-0018,ENG-028,C5,DRAFT-AUTHORITY-DERIVED,Implementation of ENG-028 MUST preserve its canonical constraint: Imaging OS.,Violation => release block / fail closed for affected behavior.,Needs executable predicate before implementation freeze.
INV-0019,ENG-029,C5,DRAFT-AUTHORITY-DERIVED,Implementation of ENG-029 MUST preserve its canonical constraint: Pathology OS.,Violation => release block / fail closed for affected behavior.,Needs executable predicate before implementation freeze.
INV-0020,ENG-030,C4,DRAFT-AUTHORITY-DERIVED,Implementation of ENG-030 MUST preserve its canonical constraint: Clinical Knowledge Architecture.,Violation => release block / fail closed for affected behavior.,Needs executable predicate before implementation freeze.
INV-0021,ENG-032,C5,DRAFT-AUTHORITY-DERIVED,"Implementation of ENG-032 MUST preserve its canonical constraint: Omission, Concordance and Trajectory.",Violation => release block / fail closed for affected behavior.,Needs executable predicate before implementation freeze.
INV-0022,ENG-033,C5,DRAFT-AUTHORITY-DERIVED,Implementation of ENG-033 MUST preserve its canonical constraint: Care Gap and Chronic Disease Spaces.,Violation => release block / fail closed for affected behavior.,Needs executable predicate before implementation freeze.
INV-0023,ENG-034,C4,DRAFT-AUTHORITY-DERIVED,Implementation of ENG-034 MUST preserve its canonical constraint: AI Gateway — mandatory boundary.,Violation => release block / fail closed for affected behavior.,Needs executable predicate before implementation freeze.
INV-0024,ENG-035,C4,DRAFT-AUTHORITY-DERIVED,Implementation of ENG-035 MUST preserve its canonical constraint: AI Risk Tiers and release gates.,Violation => release block / fail closed for affected behavior.,Needs executable predicate before implementation freeze.
INV-0025,ENG-036,C4,DRAFT-AUTHORITY-DERIVED,Implementation of ENG-036 MUST preserve its canonical constraint: AI evaluation framework.,Violation => release block / fail closed for affected behavior.,Needs executable predicate before implementation freeze.
INV-0026,ENG-037,C5,DRAFT-AUTHORITY-DERIVED,"Implementation of ENG-037 MUST preserve its canonical constraint: Patient Link, Portal and communications.",Violation => release block / fail closed for affected behavior.,Needs executable predicate before implementation freeze.
INV-0027,ENG-038,C4,DRAFT-AUTHORITY-DERIVED,"Implementation of ENG-038 MUST preserve its canonical constraint: Scheduling, rooming and operations.",Violation => release block / fail closed for affected behavior.,Needs executable predicate before implementation freeze.
INV-0028,ENG-039,C5,DRAFT-AUTHORITY-DERIVED,Implementation of ENG-039 MUST preserve its canonical constraint: Interoperability architecture.,Violation => release block / fail closed for affected behavior.,Needs executable predicate before implementation freeze.
INV-0029,ENG-041,C3,DRAFT-AUTHORITY-DERIVED,Implementation of ENG-041 MUST preserve its canonical constraint: Country Packs.,Violation => release block / fail closed for affected behavior.,Needs executable predicate before implementation freeze.
INV-0030,ENG-042,C4,DRAFT-AUTHORITY-DERIVED,Implementation of ENG-042 MUST preserve its canonical constraint: Security Architecture.,Violation => release block / fail closed for affected behavior.,Needs executable predicate before implementation freeze.
INV-0031,ENG-043,C4,DRAFT-AUTHORITY-DERIVED,Implementation of ENG-043 MUST preserve its canonical constraint: Privacy Engineering.,Violation => release block / fail closed for affected behavior.,Needs executable predicate before implementation freeze.
INV-0032,ENG-044,C4,DRAFT-AUTHORITY-DERIVED,Implementation of ENG-044 MUST preserve its canonical constraint: México Compliance-as-Code baseline.,Violation => release block / fail closed for affected behavior.,Needs executable predicate before implementation freeze.
INV-0033,ENG-045,C5,DRAFT-AUTHORITY-DERIVED,Implementation of ENG-045 MUST preserve its canonical constraint: Clinical Safety Management System.,Violation => release block / fail closed for affected behavior.,Needs executable predicate before implementation freeze.
INV-0034,ENG-046,C5,DRAFT-AUTHORITY-DERIVED,Implementation of ENG-046 MUST preserve its canonical constraint: Human factors and alert governance.,Violation => release block / fail closed for affected behavior.,Needs executable predicate before implementation freeze.
INV-0035,ENG-047,C4,DRAFT-AUTHORITY-DERIVED,Implementation of ENG-047 MUST preserve its canonical constraint: API architecture.,Violation => release block / fail closed for affected behavior.,Needs executable predicate before implementation freeze.
INV-0036,ENG-049,C5,DRAFT-AUTHORITY-DERIVED,Implementation of ENG-049 MUST preserve its canonical constraint: Durable workflow runtime.,Violation => release block / fail closed for affected behavior.,Needs executable predicate before implementation freeze.
INV-0037,ENG-050,C3,DRAFT-AUTHORITY-DERIVED,Implementation of ENG-050 MUST preserve its canonical constraint: Search architecture.,Violation => release block / fail closed for affected behavior.,Needs executable predicate before implementation freeze.
INV-0038,ENG-051,C5,DRAFT-AUTHORITY-DERIVED,Implementation of ENG-051 MUST preserve its canonical constraint: Design System implementation.,Violation => release block / fail closed for affected behavior.,Needs executable predicate before implementation freeze.
INV-0039,ENG-052,C5,DRAFT-AUTHORITY-DERIVED,Implementation of ENG-052 MUST preserve its canonical constraint: Accessibility baseline.,Violation => release block / fail closed for affected behavior.,Needs executable predicate before implementation freeze.
INV-0040,ENG-054,C3,DRAFT-AUTHORITY-DERIVED,Implementation of ENG-054 MUST preserve its canonical constraint: Observability and SLO.,Violation => release block / fail closed for affected behavior.,Needs executable predicate before implementation freeze.
INV-0041,ENG-055,C5,DRAFT-AUTHORITY-DERIVED,"Implementation of ENG-055 MUST preserve its canonical constraint: Backup, DR and downtime mode.",Violation => release block / fail closed for affected behavior.,Needs executable predicate before implementation freeze.
INV-0042,ENG-059,C4,DRAFT-AUTHORITY-DERIVED,Implementation of ENG-059 MUST preserve its canonical constraint: Database migration policy.,Violation => release block / fail closed for affected behavior.,Needs executable predicate before implementation freeze.
INV-0043,ENG-060,C4,DRAFT-AUTHORITY-DERIVED,Implementation of ENG-060 MUST preserve its canonical constraint: Release train and feature flags.,Violation => release block / fail closed for affected behavior.,Needs executable predicate before implementation freeze.
INV-0044,ENG-062,C5,DRAFT-AUTHORITY-DERIVED,Implementation of ENG-062 MUST preserve its canonical constraint: Code review checklist.,Violation => release block / fail closed for affected behavior.,Needs executable predicate before implementation freeze.
INV-0045,ENG-064,C4,DRAFT-AUTHORITY-DERIVED,Implementation of ENG-064 MUST preserve its canonical constraint: Definition of Done — universal.,Violation => release block / fail closed for affected behavior.,Needs executable predicate before implementation freeze.
INV-0046,ENG-065,C4,DRAFT-AUTHORITY-DERIVED,Implementation of ENG-065 MUST preserve its canonical constraint: Certification & Compliance Evidence Pack.,Violation => release block / fail closed for affected behavior.,Needs executable predicate before implementation freeze.
INV-0047,ENG-066,C3,DRAFT-AUTHORITY-DERIVED,Implementation of ENG-066 MUST preserve its canonical constraint: Reference security standards baseline.,Violation => release block / fail closed for affected behavior.,Needs executable predicate before implementation freeze.
INV-0048,ENG-068,C5,DRAFT-AUTHORITY-DERIVED,Implementation of ENG-068 MUST preserve its canonical constraint: Dependency graph / no-parallelism mistakes.,Violation => release block / fail closed for affected behavior.,Needs executable predicate before implementation freeze.
INV-0049,ENG-070,C5,DRAFT-AUTHORITY-DERIVED,Implementation of ENG-070 MUST preserve its canonical constraint: First golden vertical slice.,Violation => release block / fail closed for affected behavior.,Needs executable predicate before implementation freeze.
INV-0050,ENG-071,C5,DRAFT-AUTHORITY-DERIVED,Implementation of ENG-071 MUST preserve its canonical constraint: Specialty implementation strategy.,Violation => release block / fail closed for affected behavior.,Needs executable predicate before implementation freeze.
INV-0051,ENG-072,C5,DRAFT-AUTHORITY-DERIVED,Implementation of ENG-072 MUST preserve its canonical constraint: Laboratory/QBP engineering board gates.,Violation => release block / fail closed for affected behavior.,Needs executable predicate before implementation freeze.
INV-0052,ENG-073,C5,DRAFT-AUTHORITY-DERIVED,Implementation of ENG-073 MUST preserve its canonical constraint: Imaging engineering board gates.,Violation => release block / fail closed for affected behavior.,Needs executable predicate before implementation freeze.
INV-0053,ENG-074,C5,DRAFT-AUTHORITY-DERIVED,Implementation of ENG-074 MUST preserve its canonical constraint: Medication safety board gates.,Violation => release block / fail closed for affected behavior.,Needs executable predicate before implementation freeze.
INV-0054,ENG-075,C5,DRAFT-AUTHORITY-DERIVED,Implementation of ENG-075 MUST preserve its canonical constraint: Security release gates.,Violation => release block / fail closed for affected behavior.,Needs executable predicate before implementation freeze.
INV-0055,ENG-076,C4,DRAFT-AUTHORITY-DERIVED,Implementation of ENG-076 MUST preserve its canonical constraint: Clinical production gates.,Violation => release block / fail closed for affected behavior.,Needs executable predicate before implementation freeze.
INV-0056,ENG-078,C5,DRAFT-AUTHORITY-DERIVED,Implementation of ENG-078 MUST preserve its canonical constraint: Anti-pattern blacklist.,Violation => release block / fail closed for affected behavior.,Needs executable predicate before implementation freeze.
INV-0057,ENG-084,C4,DRAFT-AUTHORITY-DERIVED,Implementation of ENG-084 MUST preserve its canonical constraint: AI Eval Card template.,Violation => release block / fail closed for affected behavior.,Needs executable predicate before implementation freeze.
INV-0058,ENG-085,C4,DRAFT-AUTHORITY-DERIVED,Implementation of ENG-085 MUST preserve its canonical constraint: Migration from legacy/paper.,Violation => release block / fail closed for affected behavior.,Needs executable predicate before implementation freeze.
INV-0059,ENG-086,C4,DRAFT-AUTHORITY-DERIVED,Implementation of ENG-086 MUST preserve its canonical constraint: Multi-facility and enterprise scaling.,Violation => release block / fail closed for affected behavior.,Needs executable predicate before implementation freeze.
INV-0060,ENG-087,C5,DRAFT-AUTHORITY-DERIVED,"Implementation of ENG-087 MUST preserve its canonical constraint: Data retention, deletion and legal hold architecture.",Violation => release block / fail closed for affected behavior.,Needs executable predicate before implementation freeze.
INV-0061,ENG-088,C4,DRAFT-AUTHORITY-DERIVED,Implementation of ENG-088 MUST preserve its canonical constraint: Support and operations access.,Violation => release block / fail closed for affected behavior.,Needs executable predicate before implementation freeze.
INV-0062,ENG-089,C3,DRAFT-AUTHORITY-DERIVED,Implementation of ENG-089 MUST preserve its canonical constraint: Incident response.,Violation => release block / fail closed for affected behavior.,Needs executable predicate before implementation freeze.
INV-0063,ENG-090,C4,DRAFT-AUTHORITY-DERIVED,Implementation of ENG-090 MUST preserve its canonical constraint: Documentation architecture.,Violation => release block / fail closed for affected behavior.,Needs executable predicate before implementation freeze.
INV-0064,ENG-092,C4,DRAFT-AUTHORITY-DERIVED,Implementation of ENG-092 MUST preserve its canonical constraint: Product analytics without surveillance.,Violation => release block / fail closed for affected behavior.,Needs executable predicate before implementation freeze.
INV-0065,ENG-093,C4,DRAFT-AUTHORITY-DERIVED,Implementation of ENG-093 MUST preserve its canonical constraint: Change management after V2.1 freeze.,Violation => release block / fail closed for affected behavior.,Needs executable predicate before implementation freeze.
INV-0066,ENG-096,C4,DRAFT-AUTHORITY-DERIVED,Implementation of ENG-096 MUST preserve its canonical constraint: Official / primary references used in V2.1.,Violation => release block / fail closed for affected behavior.,Needs executable predicate before implementation freeze.
INV-0067,ENG-098,C5,DRAFT-AUTHORITY-DERIVED,Implementation of ENG-098 MUST preserve its canonical constraint: Nanometric Expansion — frontend architecture.,Violation => release block / fail closed for affected behavior.,Needs executable predicate before implementation freeze.
INV-0068,ENG-099,C4,DRAFT-AUTHORITY-DERIVED,Implementation of ENG-099 MUST preserve its canonical constraint: Input validation and schema strategy.,Violation => release block / fail closed for affected behavior.,Needs executable predicate before implementation freeze.
INV-0069,ENG-101,C5,DRAFT-AUTHORITY-DERIVED,Implementation of ENG-101 MUST preserve its canonical constraint: Concurrency and conflict resolution.,Violation => release block / fail closed for affected behavior.,Needs executable predicate before implementation freeze.
INV-0070,ENG-102,C4,DRAFT-AUTHORITY-DERIVED,Implementation of ENG-102 MUST preserve its canonical constraint: Postgres Row Level Security defense-in-depth.,Violation => release block / fail closed for affected behavior.,Needs executable predicate before implementation freeze.
INV-0071,ENG-103,C4,DRAFT-AUTHORITY-DERIVED,Implementation of ENG-103 MUST preserve its canonical constraint: Transactional Outbox schema.,Violation => release block / fail closed for affected behavior.,Needs executable predicate before implementation freeze.
INV-0072,ENG-104,C3,DRAFT-AUTHORITY-DERIVED,Implementation of ENG-104 MUST preserve its canonical constraint: Private object storage implementation.,Violation => release block / fail closed for affected behavior.,Needs executable predicate before implementation freeze.
INV-0073,ENG-105,C4,DRAFT-AUTHORITY-DERIVED,Implementation of ENG-105 MUST preserve its canonical constraint: Caching policy.,Violation => release block / fail closed for affected behavior.,Needs executable predicate before implementation freeze.
INV-0074,ENG-106,C3,DRAFT-AUTHORITY-DERIVED,Implementation of ENG-106 MUST preserve its canonical constraint: Search and indexing engine.,Violation => release block / fail closed for affected behavior.,Needs executable predicate before implementation freeze.
INV-0075,ENG-107,C4,DRAFT-AUTHORITY-DERIVED,Implementation of ENG-107 MUST preserve its canonical constraint: Webhooks and notification adapters.,Violation => release block / fail closed for affected behavior.,Needs executable predicate before implementation freeze.
INV-0076,ENG-108,C5,DRAFT-AUTHORITY-DERIVED,Implementation of ENG-108 MUST preserve its canonical constraint: FHIR implementation boundary.,Violation => release block / fail closed for affected behavior.,Needs executable predicate before implementation freeze.
INV-0077,ENG-109,C4,DRAFT-AUTHORITY-DERIVED,"Implementation of ENG-109 MUST preserve its canonical constraint: Terminology services: SNOMED CT, LOINC and local catalogs.",Violation => release block / fail closed for affected behavior.,Needs executable predicate before implementation freeze.
INV-0078,ENG-110,C3,DRAFT-AUTHORITY-DERIVED,Implementation of ENG-110 MUST preserve its canonical constraint: DICOM / DICOMweb engineering details.,Violation => release block / fail closed for affected behavior.,Needs executable predicate before implementation freeze.
INV-0079,ENG-111,C5,DRAFT-AUTHORITY-DERIVED,Implementation of ENG-111 MUST preserve its canonical constraint: OpenTelemetry and security telemetry.,Violation => release block / fail closed for affected behavior.,Needs executable predicate before implementation freeze.
INV-0080,ENG-112,C4,DRAFT-AUTHORITY-DERIVED,Implementation of ENG-112 MUST preserve its canonical constraint: Browser and HTTP security baseline.,Violation => release block / fail closed for affected behavior.,Needs executable predicate before implementation freeze.
INV-0081,ENG-113,C3,DRAFT-AUTHORITY-DERIVED,Implementation of ENG-113 MUST preserve its canonical constraint: Supply-chain security.,Violation => release block / fail closed for affected behavior.,Needs executable predicate before implementation freeze.
INV-0082,ENG-114,C4,DRAFT-AUTHORITY-DERIVED,Implementation of ENG-114 MUST preserve its canonical constraint: ISO 27001 / SOC 2 readiness without false claims.,Violation => release block / fail closed for affected behavior.,Needs executable predicate before implementation freeze.
INV-0083,ENG-115,C5,DRAFT-AUTHORITY-DERIVED,Implementation of ENG-115 MUST preserve its canonical constraint: Regulatory CDS / ScDM branch.,Violation => release block / fail closed for affected behavior.,Needs executable predicate before implementation freeze.
INV-0084,ENG-116,C4,DRAFT-AUTHORITY-DERIVED,Implementation of ENG-116 MUST preserve its canonical constraint: Local developer bootstrap.,Violation => release block / fail closed for affected behavior.,Needs executable predicate before implementation freeze.
INV-0085,ENG-117,C5,DRAFT-AUTHORITY-DERIVED,Implementation of ENG-117 MUST preserve its canonical constraint: TypeScript coding standard.,Violation => release block / fail closed for affected behavior.,Needs executable predicate before implementation freeze.
INV-0086,ENG-118,C5,DRAFT-AUTHORITY-DERIVED,Implementation of ENG-118 MUST preserve its canonical constraint: Test data factories and synthetic patients.,Violation => release block / fail closed for affected behavior.,Needs executable predicate before implementation freeze.
INV-0087,ENG-119,C5,DRAFT-AUTHORITY-DERIVED,"Implementation of ENG-119 MUST preserve its canonical constraint: Load, backpressure and large-chart testing.",Violation => release block / fail closed for affected behavior.,Needs executable predicate before implementation freeze.
INV-0088,ENG-121,C5,DRAFT-AUTHORITY-DERIVED,Implementation of ENG-121 MUST preserve its canonical constraint: Data governance and lineage.,Violation => release block / fail closed for affected behavior.,Needs executable predicate before implementation freeze.
INV-0089,ENG-123,C4,DRAFT-AUTHORITY-DERIVED,Implementation of ENG-123 MUST preserve its canonical constraint: AI prompt-injection and tool-use defense.,Violation => release block / fail closed for affected behavior.,Needs executable predicate before implementation freeze.
INV-0090,ENG-124,C5,DRAFT-AUTHORITY-DERIVED,Implementation of ENG-124 MUST preserve its canonical constraint: Model monitoring after release.,Violation => release block / fail closed for affected behavior.,Needs executable predicate before implementation freeze.
INV-0091,ENG-125,C4,DRAFT-AUTHORITY-DERIVED,Implementation of ENG-125 MUST preserve its canonical constraint: Versioning strategy.,Violation => release block / fail closed for affected behavior.,Needs executable predicate before implementation freeze.
INV-0092,ENG-126,C4,DRAFT-AUTHORITY-DERIVED,"Implementation of ENG-126 MUST preserve its canonical constraint: API authentication, CORS and service identities.",Violation => release block / fail closed for affected behavior.,Needs executable predicate before implementation freeze.
INV-0093,ENG-127,C3,DRAFT-AUTHORITY-DERIVED,Implementation of ENG-127 MUST preserve its canonical constraint: Abuse prevention and rate limiting.,Violation => release block / fail closed for affected behavior.,Needs executable predicate before implementation freeze.
INV-0094,ENG-128,C4,DRAFT-AUTHORITY-DERIVED,Implementation of ENG-128 MUST preserve its canonical constraint: UX coding laws.,Violation => release block / fail closed for affected behavior.,Needs executable predicate before implementation freeze.
INV-0095,ENG-133,C5,DRAFT-AUTHORITY-DERIVED,Implementation of ENG-133 MUST preserve its canonical constraint: V2.1.1 hyperscale engineering amendment — purpose and authority.,Violation => release block / fail closed for affected behavior.,Needs executable predicate before implementation freeze.
INV-0096,ENG-134,C5,DRAFT-AUTHORITY-DERIVED,Implementation of ENG-134 MUST preserve its canonical constraint: 150-expert equivalent engineering organization.,Violation => release block / fail closed for affected behavior.,Needs executable predicate before implementation freeze.
INV-0097,ENG-135,C4,DRAFT-AUTHORITY-DERIVED,Implementation of ENG-135 MUST preserve its canonical constraint: Clinical semantic kernel.,Violation => release block / fail closed for affected behavior.,Needs executable predicate before implementation freeze.
INV-0098,ENG-136,C5,DRAFT-AUTHORITY-DERIVED,"Implementation of ENG-136 MUST preserve its canonical constraint: Clinical quantity, unit algebra and exact decimal policy.",Violation => release block / fail closed for affected behavior.,Needs executable predicate before implementation freeze.
INV-0099,ENG-137,C4,DRAFT-AUTHORITY-DERIVED,Implementation of ENG-137 MUST preserve its canonical constraint: Computation authority constitution.,Violation => release block / fail closed for affected behavior.,Needs executable predicate before implementation freeze.
INV-0100,ENG-138,C4,DRAFT-AUTHORITY-DERIVED,Implementation of ENG-138 MUST preserve its canonical constraint: Algorithm Platform — separation of planes.,Violation => release block / fail closed for affected behavior.,Needs executable predicate before implementation freeze.
INV-0101,ENG-139,C4,DRAFT-AUTHORITY-DERIVED,Implementation of ENG-139 MUST preserve its canonical constraint: Algorithm manifest and reproducibility.,Violation => release block / fail closed for affected behavior.,Needs executable predicate before implementation freeze.
INV-0102,ENG-140,C4,DRAFT-AUTHORITY-DERIVED,Implementation of ENG-140 MUST preserve its canonical constraint: Algorithm Factory.,Violation => release block / fail closed for affected behavior.,Needs executable predicate before implementation freeze.
INV-0103,ENG-141,C5,DRAFT-AUTHORITY-DERIVED,Implementation of ENG-141 MUST preserve its canonical constraint: Algorithm verification strategy.,Violation => release block / fail closed for affected behavior.,Needs executable predicate before implementation freeze.
INV-0104,ENG-143,C4,DRAFT-AUTHORITY-DERIVED,Implementation of ENG-143 MUST preserve its canonical constraint: Derived-fact lineage and invalidation.,Violation => release block / fail closed for affected behavior.,Needs executable predicate before implementation freeze.
INV-0105,ENG-144,C4,DRAFT-AUTHORITY-DERIVED,Implementation of ENG-144 MUST preserve its canonical constraint: Knowledge Engine — architectural planes.,Violation => release block / fail closed for affected behavior.,Needs executable predicate before implementation freeze.
INV-0106,ENG-145,C4,DRAFT-AUTHORITY-DERIVED,Implementation of ENG-145 MUST preserve its canonical constraint: Knowledge Source Registry.,Violation => release block / fail closed for affected behavior.,Needs executable predicate before implementation freeze.
INV-0107,ENG-146,C4,DRAFT-AUTHORITY-DERIVED,Implementation of ENG-146 MUST preserve its canonical constraint: Evidence propositions and typed Knowledge IR.,Violation => release block / fail closed for affected behavior.,Needs executable predicate before implementation freeze.
INV-0108,ENG-147,C4,DRAFT-AUTHORITY-DERIVED,Implementation of ENG-147 MUST preserve its canonical constraint: Knowledge static analysis.,Violation => release block / fail closed for affected behavior.,Needs executable predicate before implementation freeze.
INV-0109,ENG-148,C5,DRAFT-AUTHORITY-DERIVED,Implementation of ENG-148 MUST preserve its canonical constraint: Knowledge applicability and jurisdiction.,Violation => release block / fail closed for affected behavior.,Needs executable predicate before implementation freeze.
INV-0110,ENG-149,C4,DRAFT-AUTHORITY-DERIVED,Implementation of ENG-149 MUST preserve its canonical constraint: Knowledge release and behavioral diff.,Violation => release block / fail closed for affected behavior.,Needs executable predicate before implementation freeze.
INV-0111,ENG-150,C4,DRAFT-AUTHORITY-DERIVED,Implementation of ENG-150 MUST preserve its canonical constraint: Knowledge freshness and incident impact.,Violation => release block / fail closed for affected behavior.,Needs executable predicate before implementation freeze.
INV-0112,ENG-151,C3,DRAFT-AUTHORITY-DERIVED,Implementation of ENG-151 MUST preserve its canonical constraint: Terminology infrastructure.,Violation => release block / fail closed for affected behavior.,Needs executable predicate before implementation freeze.
INV-0113,ENG-152,C4,DRAFT-AUTHORITY-DERIVED,Implementation of ENG-152 MUST preserve its canonical constraint: Sparse temporal Patient Clinical Graph.,Violation => release block / fail closed for affected behavior.,Needs executable predicate before implementation freeze.
INV-0114,ENG-153,C5,DRAFT-AUTHORITY-DERIVED,Implementation of ENG-153 MUST preserve its canonical constraint: Dependency DAG and incremental computation.,Violation => release block / fail closed for affected behavior.,Needs executable predicate before implementation freeze.
INV-0115,ENG-154,C4,DRAFT-AUTHORITY-DERIVED,Implementation of ENG-154 MUST preserve its canonical constraint: Hyperscale state-space strategy.,Violation => release block / fail closed for affected behavior.,Needs executable predicate before implementation freeze.
INV-0116,ENG-155,C5,DRAFT-AUTHORITY-DERIVED,Implementation of ENG-155 MUST preserve its canonical constraint: Consistency classes.,Violation => release block / fail closed for affected behavior.,Needs executable predicate before implementation freeze.
INV-0117,ENG-156,C4,DRAFT-AUTHORITY-DERIVED,Implementation of ENG-156 MUST preserve its canonical constraint: Temporal and bitemporal semantics.,Violation => release block / fail closed for affected behavior.,Needs executable predicate before implementation freeze.
INV-0118,ENG-157,C4,DRAFT-AUTHORITY-DERIVED,Implementation of ENG-157 MUST preserve its canonical constraint: Data contract registry and schema evolution.,Violation => release block / fail closed for affected behavior.,Needs executable predicate before implementation freeze.
INV-0119,ENG-158,C5,DRAFT-AUTHORITY-DERIVED,Implementation of ENG-158 MUST preserve its canonical constraint: Data quality propagation.,Violation => release block / fail closed for affected behavior.,Needs executable predicate before implementation freeze.
INV-0120,ENG-159,C5,DRAFT-AUTHORITY-DERIVED,Implementation of ENG-159 MUST preserve its canonical constraint: Patient identity and merge safety at scale.,Violation => release block / fail closed for affected behavior.,Needs executable predicate before implementation freeze.
INV-0121,ENG-160,C4,DRAFT-AUTHORITY-DERIVED,Implementation of ENG-160 MUST preserve its canonical constraint: Search and wrong-patient defense.,Violation => release block / fail closed for affected behavior.,Needs executable predicate before implementation freeze.
INV-0122,ENG-161,C5,DRAFT-AUTHORITY-DERIVED,Implementation of ENG-161 MUST preserve its canonical constraint: Patient State projection contract.,Violation => release block / fail closed for affected behavior.,Needs executable predicate before implementation freeze.
INV-0123,ENG-162,C5,DRAFT-AUTHORITY-DERIVED,"Implementation of ENG-162 MUST preserve its canonical constraint: Result, correction and longitudinal baseline semantics.",Violation => release block / fail closed for affected behavior.,Needs executable predicate before implementation freeze.
INV-0124,ENG-163,C5,DRAFT-AUTHORITY-DERIVED,Implementation of ENG-163 MUST preserve its canonical constraint: Clinical Obligation Graph and no-orphan reconciliation.,Violation => release block / fail closed for affected behavior.,Needs executable predicate before implementation freeze.
INV-0125,ENG-164,C5,DRAFT-AUTHORITY-DERIVED,Implementation of ENG-164 MUST preserve its canonical constraint: Durable workflow and external side-effect ledger.,Violation => release block / fail closed for affected behavior.,Needs executable predicate before implementation freeze.
INV-0126,ENG-165,C3,DRAFT-AUTHORITY-DERIVED,Implementation of ENG-165 MUST preserve its canonical constraint: Concurrency and signed-record immutability.,Violation => release block / fail closed for affected behavior.,Needs executable predicate before implementation freeze.
INV-0127,ENG-166,C4,DRAFT-AUTHORITY-DERIVED,Implementation of ENG-166 MUST preserve its canonical constraint: Document Intelligence production pipeline.,Violation => release block / fail closed for affected behavior.,Needs executable predicate before implementation freeze.
INV-0128,ENG-167,C4,DRAFT-AUTHORITY-DERIVED,Implementation of ENG-167 MUST preserve its canonical constraint: AI Task Fabric and Gateway.,Violation => release block / fail closed for affected behavior.,Needs executable predicate before implementation freeze.
INV-0129,ENG-168,C4,DRAFT-AUTHORITY-DERIVED,"Implementation of ENG-168 MUST preserve its canonical constraint: AI evidence, context and prompt-injection controls.",Violation => release block / fail closed for affected behavior.,Needs executable predicate before implementation freeze.
INV-0130,ENG-169,C5,DRAFT-AUTHORITY-DERIVED,Implementation of ENG-169 MUST preserve its canonical constraint: AI authority and evaluation.,Violation => release block / fail closed for affected behavior.,Needs executable predicate before implementation freeze.
INV-0131,ENG-170,C5,DRAFT-AUTHORITY-DERIVED,Implementation of ENG-170 MUST preserve its canonical constraint: Interface structural shell and information hierarchy.,Violation => release block / fail closed for affected behavior.,Needs executable predicate before implementation freeze.
INV-0132,ENG-171,C4,DRAFT-AUTHORITY-DERIVED,Implementation of ENG-171 MUST preserve its canonical constraint: Clinical information-state language.,Violation => release block / fail closed for affected behavior.,Needs executable predicate before implementation freeze.
INV-0133,ENG-172,C4,DRAFT-AUTHORITY-DERIVED,Implementation of ENG-172 MUST preserve its canonical constraint: Nanostructural UI contracts.,Violation => release block / fail closed for affected behavior.,Needs executable predicate before implementation freeze.
INV-0134,ENG-173,C5,DRAFT-AUTHORITY-DERIVED,"Implementation of ENG-173 MUST preserve its canonical constraint: Button, link and form-field contracts.",Violation => release block / fail closed for affected behavior.,Needs executable predicate before implementation freeze.
INV-0135,ENG-174,C4,DRAFT-AUTHORITY-DERIVED,Implementation of ENG-174 MUST preserve its canonical constraint: Patient-switch global invariant.,Violation => release block / fail closed for affected behavior.,Needs executable predicate before implementation freeze.
INV-0136,ENG-175,C5,DRAFT-AUTHORITY-DERIVED,Implementation of ENG-175 MUST preserve its canonical constraint: Human factors and interruption recovery.,Violation => release block / fail closed for affected behavior.,Needs executable predicate before implementation freeze.
INV-0137,ENG-176,C4,DRAFT-AUTHORITY-DERIVED,"Implementation of ENG-176 MUST preserve its canonical constraint: 2,000-physician synthetic validation program.",Violation => release block / fail closed for affected behavior.,Needs executable predicate before implementation freeze.
INV-0138,ENG-177,C4,DRAFT-AUTHORITY-DERIVED,Implementation of ENG-177 MUST preserve its canonical constraint: Digital Twin Clinic.,Violation => release block / fail closed for affected behavior.,Needs executable predicate before implementation freeze.
INV-0139,ENG-179,C4,DRAFT-AUTHORITY-DERIVED,Implementation of ENG-179 MUST preserve its canonical constraint: 30-pass defect ledger and restart rule.,Violation => release block / fail closed for affected behavior.,Needs executable predicate before implementation freeze.
INV-0140,ENG-180,C5,DRAFT-AUTHORITY-DERIVED,Implementation of ENG-180 MUST preserve its canonical constraint: Global invariant catalog.,Violation => release block / fail closed for affected behavior.,Needs executable predicate before implementation freeze.
INV-0141,ENG-181,C5,DRAFT-AUTHORITY-DERIVED,Implementation of ENG-181 MUST preserve its canonical constraint: Property registry and formal-method candidates.,Violation => release block / fail closed for affected behavior.,Needs executable predicate before implementation freeze.
INV-0142,ENG-182,C5,DRAFT-AUTHORITY-DERIVED,Implementation of ENG-182 MUST preserve its canonical constraint: Security zero-trust request path.,Violation => release block / fail closed for affected behavior.,Needs executable predicate before implementation freeze.
INV-0143,ENG-183,C4,DRAFT-AUTHORITY-DERIVED,Implementation of ENG-183 MUST preserve its canonical constraint: Authorization policy as code and break-glass.,Violation => release block / fail closed for affected behavior.,Needs executable predicate before implementation freeze.
INV-0144,ENG-184,C3,DRAFT-AUTHORITY-DERIVED,Implementation of ENG-184 MUST preserve its canonical constraint: Cryptographic architecture and key lifecycle.,Violation => release block / fail closed for affected behavior.,Needs executable predicate before implementation freeze.
INV-0145,ENG-185,C4,DRAFT-AUTHORITY-DERIVED,Implementation of ENG-185 MUST preserve its canonical constraint: PHI egress and data minimization.,Violation => release block / fail closed for affected behavior.,Needs executable predicate before implementation freeze.
INV-0146,ENG-186,C5,DRAFT-AUTHORITY-DERIVED,Implementation of ENG-186 MUST preserve its canonical constraint: Audit ledger and completeness reconciliation.,Violation => release block / fail closed for affected behavior.,Needs executable predicate before implementation freeze.
INV-0147,ENG-187,C5,DRAFT-AUTHORITY-DERIVED,"Implementation of ENG-187 MUST preserve its canonical constraint: Storage, object integrity and reconciliation.",Violation => release block / fail closed for affected behavior.,Needs executable predicate before implementation freeze.
INV-0148,ENG-188,C4,DRAFT-AUTHORITY-DERIVED,Implementation of ENG-188 MUST preserve its canonical constraint: Hyperscale database and partitioning strategy.,Violation => release block / fail closed for affected behavior.,Needs executable predicate before implementation freeze.
INV-0149,ENG-190,C5,DRAFT-AUTHORITY-DERIVED,"Implementation of ENG-190 MUST preserve its canonical constraint: Query, graph and cache budgets.",Violation => release block / fail closed for affected behavior.,Needs executable predicate before implementation freeze.
INV-0150,ENG-191,C5,DRAFT-AUTHORITY-DERIVED,Implementation of ENG-191 MUST preserve its canonical constraint: Performance and capacity engineering.,Violation => release block / fail closed for affected behavior.,Needs executable predicate before implementation freeze.
INV-0151,ENG-192,C5,DRAFT-AUTHORITY-DERIVED,Implementation of ENG-192 MUST preserve its canonical constraint: SRE clinical service catalog and SLOs.,Violation => release block / fail closed for affected behavior.,Needs executable predicate before implementation freeze.
INV-0152,ENG-193,C5,DRAFT-AUTHORITY-DERIVED,Implementation of ENG-193 MUST preserve its canonical constraint: Chaos engineering and fault injection.,Violation => release block / fail closed for affected behavior.,Needs executable predicate before implementation freeze.
INV-0153,ENG-194,C5,DRAFT-AUTHORITY-DERIVED,Implementation of ENG-194 MUST preserve its canonical constraint: Disaster recovery and safe mode.,Violation => release block / fail closed for affected behavior.,Needs executable predicate before implementation freeze.
INV-0154,ENG-195,C4,DRAFT-AUTHORITY-DERIVED,Implementation of ENG-195 MUST preserve its canonical constraint: Release rings and Clinical Bill of Materials.,Violation => release block / fail closed for affected behavior.,Needs executable predicate before implementation freeze.
INV-0155,ENG-196,C5,DRAFT-AUTHORITY-DERIVED,Implementation of ENG-196 MUST preserve its canonical constraint: Semantic diffs.,Violation => release block / fail closed for affected behavior.,Needs executable predicate before implementation freeze.
INV-0156,ENG-197,C5,DRAFT-AUTHORITY-DERIVED,Implementation of ENG-197 MUST preserve its canonical constraint: Change Impact Engine.,Violation => release block / fail closed for affected behavior.,Needs executable predicate before implementation freeze.
INV-0157,ENG-198,C4,DRAFT-AUTHORITY-DERIVED,Implementation of ENG-198 MUST preserve its canonical constraint: Clinical Action Receipt and version vector.,Violation => release block / fail closed for affected behavior.,Needs executable predicate before implementation freeze.
INV-0158,ENG-199,C5,DRAFT-AUTHORITY-DERIVED,Implementation of ENG-199 MUST preserve its canonical constraint: Testing architecture.,Violation => release block / fail closed for affected behavior.,Needs executable predicate before implementation freeze.
INV-0159,ENG-200,C5,DRAFT-AUTHORITY-DERIVED,Implementation of ENG-200 MUST preserve its canonical constraint: Combinatorial testing.,Violation => release block / fail closed for affected behavior.,Needs executable predicate before implementation freeze.
INV-0160,ENG-201,C5,DRAFT-AUTHORITY-DERIVED,Implementation of ENG-201 MUST preserve its canonical constraint: Supply-chain and release evidence.,Violation => release block / fail closed for affected behavior.,Needs executable predicate before implementation freeze.
INV-0161,ENG-202,C5,DRAFT-AUTHORITY-DERIVED,Implementation of ENG-202 MUST preserve its canonical constraint: Clinical safety case and hazard control hierarchy.,Violation => release block / fail closed for affected behavior.,Needs executable predicate before implementation freeze.
INV-0162,ENG-203,C5,DRAFT-AUTHORITY-DERIVED,Implementation of ENG-203 MUST preserve its canonical constraint: Risk classes and maturity.,Violation => release block / fail closed for affected behavior.,Needs executable predicate before implementation freeze.
INV-0163,ENG-204,C4,DRAFT-AUTHORITY-DERIVED,Implementation of ENG-204 MUST preserve its canonical constraint: Synthetic validation versus real clinical validation.,Violation => release block / fail closed for affected behavior.,Needs executable predicate before implementation freeze.
INV-0164,ENG-205,C4,DRAFT-AUTHORITY-DERIVED,"Implementation of ENG-205 MUST preserve its canonical constraint: No complexity, scale, security or compliance theater.",Violation => release block / fail closed for affected behavior.,Needs executable predicate before implementation freeze.
INV-0165,ENG-206,C4,DRAFT-AUTHORITY-DERIVED,Implementation of ENG-206 MUST preserve its canonical constraint: Root AGENTS.md and agent execution separation.,Violation => release block / fail closed for affected behavior.,Needs executable predicate before implementation freeze.
INV-0166,ENG-207,C5,DRAFT-AUTHORITY-DERIVED,Implementation of ENG-207 MUST preserve its canonical constraint: Stop-the-line conditions.,Violation => release block / fail closed for affected behavior.,Needs executable predicate before implementation freeze.
INV-0167,ENG-208,C5,DRAFT-AUTHORITY-DERIVED,Implementation of ENG-208 MUST preserve its canonical constraint: V2 ↔ V2.1.1 traceability extension.,Violation => release block / fail closed for affected behavior.,Needs executable predicate before implementation freeze.
INV-0168,ENG-209,C5,DRAFT-AUTHORITY-DERIVED,Implementation of ENG-209 MUST preserve its canonical constraint: V2 product baseline preservation.,Violation => release block / fail closed for affected behavior.,Needs executable predicate before implementation freeze.
INV-0169,ENG-210,C4,DRAFT-AUTHORITY-DERIVED,Implementation of ENG-210 MUST preserve its canonical constraint: V2.1.1 release and freeze rule.,Violation => release block / fail closed for affected behavior.,Needs executable predicate before implementation freeze.
INV-0170,ENG-211,C5,DRAFT-AUTHORITY-DERIVED,Implementation of ENG-211 MUST preserve its canonical constraint: Final V2.1.1 engineering constitution.,Violation => release block / fail closed for affected behavior.,Needs executable predicate before implementation freeze.
INV-0171,ENG-212,C5,DRAFT-AUTHORITY-DERIVED,Implementation of ENG-212 MUST preserve its canonical constraint: Target architecture doctrine.,Violation => release block / fail closed for affected behavior.,Needs executable predicate before implementation freeze.
INV-0172,ENG-213,C5,DRAFT-AUTHORITY-DERIVED,Implementation of ENG-213 MUST preserve its canonical constraint: Patient Computable State 2.0.,Violation => release block / fail closed for affected behavior.,Needs executable predicate before implementation freeze.
INV-0173,ENG-214,C4,DRAFT-AUTHORITY-DERIVED,Implementation of ENG-214 MUST preserve its canonical constraint: Clinical Intent as a first-class domain primitive.,Violation => release block / fail closed for affected behavior.,Needs executable predicate before implementation freeze.
INV-0174,ENG-215,C5,DRAFT-AUTHORITY-DERIVED,Implementation of ENG-215 MUST preserve its canonical constraint: Clinical Goal Engine.,Violation => release block / fail closed for affected behavior.,Needs executable predicate before implementation freeze.
INV-0175,ENG-216,C5,DRAFT-AUTHORITY-DERIVED,Implementation of ENG-216 MUST preserve its canonical constraint: Clinical Plan Compiler.,Violation => release block / fail closed for affected behavior.,Needs executable predicate before implementation freeze.
INV-0176,ENG-217,C5,DRAFT-AUTHORITY-DERIVED,Implementation of ENG-217 MUST preserve its canonical constraint: Expected Result Engine.,Violation => release block / fail closed for affected behavior.,Needs executable predicate before implementation freeze.
INV-0177,ENG-218,C5,DRAFT-AUTHORITY-DERIVED,Implementation of ENG-218 MUST preserve its canonical constraint: Clinical Goal-to-Result closure model.,Violation => release block / fail closed for affected behavior.,Needs executable predicate before implementation freeze.
INV-0178,ENG-219,C5,DRAFT-AUTHORITY-DERIVED,Implementation of ENG-219 MUST preserve its canonical constraint: Treatment Response Engine.,Violation => release block / fail closed for affected behavior.,Needs executable predicate before implementation freeze.
INV-0179,ENG-220,C5,DRAFT-AUTHORITY-DERIVED,Implementation of ENG-220 MUST preserve its canonical constraint: Medication Intelligence Graph 2.0.,Violation => release block / fail closed for affected behavior.,Needs executable predicate before implementation freeze.
INV-0180,ENG-221,C5,DRAFT-AUTHORITY-DERIVED,Implementation of ENG-221 MUST preserve its canonical constraint: Medication Change Impact Engine.,Violation => release block / fail closed for affected behavior.,Needs executable predicate before implementation freeze.
INV-0181,ENG-222,C5,DRAFT-AUTHORITY-DERIVED,Implementation of ENG-222 MUST preserve its canonical constraint: Hypothesis Workspace.,Violation => release block / fail closed for affected behavior.,Needs executable predicate before implementation freeze.
INV-0182,ENG-223,C4,DRAFT-AUTHORITY-DERIVED,Implementation of ENG-223 MUST preserve its canonical constraint: Missing Evidence Engine.,Violation => release block / fail closed for affected behavior.,Needs executable predicate before implementation freeze.
INV-0183,ENG-224,C5,DRAFT-AUTHORITY-DERIVED,Implementation of ENG-224 MUST preserve its canonical constraint: Clinical Contradiction Engine.,Violation => release block / fail closed for affected behavior.,Needs executable predicate before implementation freeze.
INV-0184,ENG-225,C5,DRAFT-AUTHORITY-DERIVED,Implementation of ENG-225 MUST preserve its canonical constraint: Concordance and discrepancy graph.,Violation => release block / fail closed for affected behavior.,Needs executable predicate before implementation freeze.
INV-0185,ENG-226,C5,DRAFT-AUTHORITY-DERIVED,Implementation of ENG-226 MUST preserve its canonical constraint: Clinical Uncertainty object.,Violation => release block / fail closed for affected behavior.,Needs executable predicate before implementation freeze.
INV-0186,ENG-227,C4,DRAFT-AUTHORITY-DERIVED,Implementation of ENG-227 MUST preserve its canonical constraint: Clinical Decision object and Decision Ledger.,Violation => release block / fail closed for affected behavior.,Needs executable predicate before implementation freeze.
INV-0187,ENG-228,C5,DRAFT-AUTHORITY-DERIVED,Implementation of ENG-228 MUST preserve its canonical constraint: Counterfactual / Value-of-Information boundary.,Violation => release block / fail closed for affected behavior.,Needs executable predicate before implementation freeze.
INV-0188,ENG-229,C5,DRAFT-AUTHORITY-DERIVED,Implementation of ENG-229 MUST preserve its canonical constraint: Clinical Delta Engine.,Violation => release block / fail closed for affected behavior.,Needs executable predicate before implementation freeze.
INV-0189,ENG-230,C4,DRAFT-AUTHORITY-DERIVED,Implementation of ENG-230 MUST preserve its canonical constraint: What Changed? pre-visit contract.,Violation => release block / fail closed for affected behavior.,Needs executable predicate before implementation freeze.
INV-0190,ENG-231,C5,DRAFT-AUTHORITY-DERIVED,Implementation of ENG-231 MUST preserve its canonical constraint: Semantic Clinical Timeline.,Violation => release block / fail closed for affected behavior.,Needs executable predicate before implementation freeze.
INV-0191,ENG-232,C5,DRAFT-AUTHORITY-DERIVED,Implementation of ENG-232 MUST preserve its canonical constraint: Clinical Episode model.,Violation => release block / fail closed for affected behavior.,Needs executable predicate before implementation freeze.
INV-0192,ENG-233,C4,DRAFT-AUTHORITY-DERIVED,Implementation of ENG-233 MUST preserve its canonical constraint: Patient Preference and Shared Decision model.,Violation => release block / fail closed for affected behavior.,Needs executable predicate before implementation freeze.
INV-0193,ENG-234,C4,DRAFT-AUTHORITY-DERIVED,Implementation of ENG-234 MUST preserve its canonical constraint: Clinical Memory architecture.,Violation => release block / fail closed for affected behavior.,Needs executable predicate before implementation freeze.
INV-0194,ENG-235,C5,DRAFT-AUTHORITY-DERIVED,Implementation of ENG-235 MUST preserve its canonical constraint: Attention Budget Engine.,Violation => release block / fail closed for affected behavior.,Needs executable predicate before implementation freeze.
INV-0195,ENG-236,C3,DRAFT-AUTHORITY-DERIVED,Implementation of ENG-236 MUST preserve its canonical constraint: Cognitive Load Controller.,Violation => release block / fail closed for affected behavior.,Needs executable predicate before implementation freeze.
INV-0196,ENG-237,C5,DRAFT-AUTHORITY-DERIVED,Implementation of ENG-237 MUST preserve its canonical constraint: Ambient Clinical Layer 2.0.,Violation => release block / fail closed for affected behavior.,Needs executable predicate before implementation freeze.
INV-0197,ENG-238,C5,DRAFT-AUTHORITY-DERIVED,Implementation of ENG-238 MUST preserve its canonical constraint: Ambient Missing Question Detection.,Violation => release block / fail closed for affected behavior.,Needs executable predicate before implementation freeze.
INV-0198,ENG-239,C5,DRAFT-AUTHORITY-DERIVED,Implementation of ENG-239 MUST preserve its canonical constraint: Evidence-at-the-point-of-decision.,Violation => release block / fail closed for affected behavior.,Needs executable predicate before implementation freeze.
INV-0199,ENG-240,C4,DRAFT-AUTHORITY-DERIVED,Implementation of ENG-240 MUST preserve its canonical constraint: Explain Why contract.,Violation => release block / fail closed for affected behavior.,Needs executable predicate before implementation freeze.
INV-0200,ENG-241,C5,DRAFT-AUTHORITY-DERIVED,Implementation of ENG-241 MUST preserve its canonical constraint: Patient Digital Twin clinical composition.,Violation => release block / fail closed for affected behavior.,Needs executable predicate before implementation freeze.
INV-0201,ENG-242,C5,DRAFT-AUTHORITY-DERIVED,Implementation of ENG-242 MUST preserve its canonical constraint: Patient Action Plan / Patient OS 2.0.,Violation => release block / fail closed for affected behavior.,Needs executable predicate before implementation freeze.
INV-0202,ENG-243,C5,DRAFT-AUTHORITY-DERIVED,Implementation of ENG-243 MUST preserve its canonical constraint: Patient Comprehension and Barrier Loop.,Violation => release block / fail closed for affected behavior.,Needs executable predicate before implementation freeze.
INV-0203,ENG-244,C5,DRAFT-AUTHORITY-DERIVED,Implementation of ENG-244 MUST preserve its canonical constraint: Care Team Operating System.,Violation => release block / fail closed for affected behavior.,Needs executable predicate before implementation freeze.
INV-0204,ENG-245,C5,DRAFT-AUTHORITY-DERIVED,Implementation of ENG-245 MUST preserve its canonical constraint: Referral Intelligence 2.0.,Violation => release block / fail closed for affected behavior.,Needs executable predicate before implementation freeze.
INV-0205,ENG-246,C5,DRAFT-AUTHORITY-DERIVED,Implementation of ENG-246 MUST preserve its canonical constraint: Message Intelligence.,Violation => release block / fail closed for affected behavior.,Needs executable predicate before implementation freeze.
INV-0206,ENG-247,C5,DRAFT-AUTHORITY-DERIVED,Implementation of ENG-247 MUST preserve its canonical constraint: Operational Intelligence.,Violation => release block / fail closed for affected behavior.,Needs executable predicate before implementation freeze.
INV-0207,ENG-248,C5,DRAFT-AUTHORITY-DERIVED,Implementation of ENG-248 MUST preserve its canonical constraint: Autonomous Administrative Plane.,Violation => release block / fail closed for affected behavior.,Needs executable predicate before implementation freeze.
INV-0208,ENG-249,C5,DRAFT-AUTHORITY-DERIVED,Implementation of ENG-249 MUST preserve its canonical constraint: Clinical Quality Observatory.,Violation => release block / fail closed for affected behavior.,Needs executable predicate before implementation freeze.
INV-0209,ENG-250,C4,DRAFT-AUTHORITY-DERIVED,Implementation of ENG-250 MUST preserve its canonical constraint: Learning Health System firewall.,Violation => release block / fail closed for affected behavior.,Needs executable predicate before implementation freeze.
INV-0210,ENG-251,C4,DRAFT-AUTHORITY-DERIVED,Implementation of ENG-251 MUST preserve its canonical constraint: Outcome Intelligence boundary.,Violation => release block / fail closed for affected behavior.,Needs executable predicate before implementation freeze.
INV-0211,ENG-253,C3,DRAFT-AUTHORITY-DERIVED,Implementation of ENG-253 MUST preserve its canonical constraint: Federated analytics readiness.,Violation => release block / fail closed for affected behavior.,Needs executable predicate before implementation freeze.
INV-0212,ENG-254,C4,DRAFT-AUTHORITY-DERIVED,Implementation of ENG-254 MUST preserve its canonical constraint: Clinical Simulation Mode.,Violation => release block / fail closed for affected behavior.,Needs executable predicate before implementation freeze.
INV-0213,ENG-256,C5,DRAFT-AUTHORITY-DERIVED,Implementation of ENG-256 MUST preserve its canonical constraint: Computable care-plan graph.,Violation => release block / fail closed for affected behavior.,Needs executable predicate before implementation freeze.
INV-0214,ENG-257,C3,DRAFT-AUTHORITY-DERIVED,Implementation of ENG-257 MUST preserve its canonical constraint: Plan compilation transaction semantics.,Violation => release block / fail closed for affected behavior.,Needs executable predicate before implementation freeze.
INV-0215,ENG-258,C4,DRAFT-AUTHORITY-DERIVED,Implementation of ENG-258 MUST preserve its canonical constraint: New domain object versioning policy.,Violation => release block / fail closed for affected behavior.,Needs executable predicate before implementation freeze.
INV-0216,ENG-259,C4,DRAFT-AUTHORITY-DERIVED,Implementation of ENG-259 MUST preserve its canonical constraint: New object information-state policy.,Violation => release block / fail closed for affected behavior.,Needs executable predicate before implementation freeze.
INV-0217,ENG-260,C4,DRAFT-AUTHORITY-DERIVED,Implementation of ENG-260 MUST preserve its canonical constraint: New object provenance policy.,Violation => release block / fail closed for affected behavior.,Needs executable predicate before implementation freeze.
INV-0218,ENG-261,C4,DRAFT-AUTHORITY-DERIVED,Implementation of ENG-261 MUST preserve its canonical constraint: New object authorization policy.,Violation => release block / fail closed for affected behavior.,Needs executable predicate before implementation freeze.
INV-0219,ENG-262,C4,DRAFT-AUTHORITY-DERIVED,Implementation of ENG-262 MUST preserve its canonical constraint: New object audit policy.,Violation => release block / fail closed for affected behavior.,Needs executable predicate before implementation freeze.
INV-0220,ENG-263,C5,DRAFT-AUTHORITY-DERIVED,Implementation of ENG-263 MUST preserve its canonical constraint: New object search/index policy.,Violation => release block / fail closed for affected behavior.,Needs executable predicate before implementation freeze.
INV-0221,ENG-264,C5,DRAFT-AUTHORITY-DERIVED,Implementation of ENG-264 MUST preserve its canonical constraint: New object reconciliation policy.,Violation => release block / fail closed for affected behavior.,Needs executable predicate before implementation freeze.
INV-0222,ENG-265,C4,DRAFT-AUTHORITY-DERIVED,Implementation of ENG-265 MUST preserve its canonical constraint: New object deletion/retention policy.,Violation => release block / fail closed for affected behavior.,Needs executable predicate before implementation freeze.
INV-0223,ENG-266,C5,DRAFT-AUTHORITY-DERIVED,Implementation of ENG-266 MUST preserve its canonical constraint: AI contracts for new reasoning objects.,Violation => release block / fail closed for affected behavior.,Needs executable predicate before implementation freeze.
INV-0224,ENG-267,C4,DRAFT-AUTHORITY-DERIVED,Implementation of ENG-267 MUST preserve its canonical constraint: Deterministic contracts for new reasoning objects.,Violation => release block / fail closed for affected behavior.,Needs executable predicate before implementation freeze.
INV-0225,ENG-268,C5,DRAFT-AUTHORITY-DERIVED,Implementation of ENG-268 MUST preserve its canonical constraint: Knowledge Engine extensions for goals and care plans.,Violation => release block / fail closed for affected behavior.,Needs executable predicate before implementation freeze.
INV-0226,ENG-269,C4,DRAFT-AUTHORITY-DERIVED,Implementation of ENG-269 MUST preserve its canonical constraint: Knowledge Engine extensions for contradictions.,Violation => release block / fail closed for affected behavior.,Needs executable predicate before implementation freeze.
INV-0227,ENG-270,C4,DRAFT-AUTHORITY-DERIVED,Implementation of ENG-270 MUST preserve its canonical constraint: Knowledge Engine extensions for missing evidence.,Violation => release block / fail closed for affected behavior.,Needs executable predicate before implementation freeze.
INV-0228,ENG-271,C5,DRAFT-AUTHORITY-DERIVED,Implementation of ENG-271 MUST preserve its canonical constraint: Longitudinal causality guardrail.,Violation => release block / fail closed for affected behavior.,Needs executable predicate before implementation freeze.
INV-0229,ENG-272,C4,DRAFT-AUTHORITY-DERIVED,Implementation of ENG-272 MUST preserve its canonical constraint: Data Once / Compute Once / Source Once / Decision Once.,Violation => release block / fail closed for affected behavior.,Needs executable predicate before implementation freeze.
INV-0230,ENG-273,C5,DRAFT-AUTHORITY-DERIVED,Implementation of ENG-273 MUST preserve its canonical constraint: Failure semantics for target architecture.,Violation => release block / fail closed for affected behavior.,Needs executable predicate before implementation freeze.
INV-0231,ENG-274,C5,DRAFT-AUTHORITY-DERIVED,Implementation of ENG-274 MUST preserve its canonical constraint: Safe-mode physician experience.,Violation => release block / fail closed for affected behavior.,Needs executable predicate before implementation freeze.
INV-0232,ENG-275,C5,DRAFT-AUTHORITY-DERIVED,Implementation of ENG-275 MUST preserve its canonical constraint: Human-factors validation for target capabilities.,Violation => release block / fail closed for affected behavior.,Needs executable predicate before implementation freeze.
INV-0233,ENG-276,C5,DRAFT-AUTHORITY-DERIVED,Implementation of ENG-276 MUST preserve its canonical constraint: Target architecture threat-model expansion.,Violation => release block / fail closed for affected behavior.,Needs executable predicate before implementation freeze.
INV-0234,ENG-277,C4,DRAFT-AUTHORITY-DERIVED,Implementation of ENG-277 MUST preserve its canonical constraint: Target architecture privacy expansion.,Violation => release block / fail closed for affected behavior.,Needs executable predicate before implementation freeze.
INV-0235,ENG-278,C5,DRAFT-AUTHORITY-DERIVED,Implementation of ENG-278 MUST preserve its canonical constraint: Target architecture observability.,Violation => release block / fail closed for affected behavior.,Needs executable predicate before implementation freeze.
INV-0236,ENG-279,C4,DRAFT-AUTHORITY-DERIVED,Implementation of ENG-279 MUST preserve its canonical constraint: Target architecture performance budgets.,Violation => release block / fail closed for affected behavior.,Needs executable predicate before implementation freeze.
INV-0237,ENG-280,C4,DRAFT-AUTHORITY-DERIVED,Implementation of ENG-280 MUST preserve its canonical constraint: Target architecture migration strategy.,Violation => release block / fail closed for affected behavior.,Needs executable predicate before implementation freeze.
INV-0238,ENG-281,C5,DRAFT-AUTHORITY-DERIVED,Implementation of ENG-281 MUST preserve its canonical constraint: Product-gap promotion registry.,Violation => release block / fail closed for affected behavior.,Needs executable predicate before implementation freeze.
INV-0239,ENG-282,C4,DRAFT-AUTHORITY-DERIVED,Implementation of ENG-282 MUST preserve its canonical constraint: Atomic traceability requirement.,Violation => release block / fail closed for affected behavior.,Needs executable predicate before implementation freeze.
INV-0240,ENG-283,C4,DRAFT-AUTHORITY-DERIVED,Implementation of ENG-283 MUST preserve its canonical constraint: Target architecture executable-contract package.,Violation => release block / fail closed for affected behavior.,Needs executable predicate before implementation freeze.
INV-0241,ENG-284,C5,DRAFT-AUTHORITY-DERIVED,Implementation of ENG-284 MUST preserve its canonical constraint: Target architecture state-machine package.,Violation => release block / fail closed for affected behavior.,Needs executable predicate before implementation freeze.
INV-0242,ENG-285,C4,DRAFT-AUTHORITY-DERIVED,Implementation of ENG-285 MUST preserve its canonical constraint: Target architecture graph contract.,Violation => release block / fail closed for affected behavior.,Needs executable predicate before implementation freeze.
INV-0243,ENG-286,C3,DRAFT-AUTHORITY-DERIVED,Implementation of ENG-286 MUST preserve its canonical constraint: Target architecture API contract.,Violation => release block / fail closed for affected behavior.,Needs executable predicate before implementation freeze.
INV-0244,ENG-287,C4,DRAFT-AUTHORITY-DERIVED,Implementation of ENG-287 MUST preserve its canonical constraint: Target architecture database contract.,Violation => release block / fail closed for affected behavior.,Needs executable predicate before implementation freeze.
INV-0245,ENG-288,C5,DRAFT-AUTHORITY-DERIVED,Implementation of ENG-288 MUST preserve its canonical constraint: Target architecture event contract.,Violation => release block / fail closed for affected behavior.,Needs executable predicate before implementation freeze.
INV-0246,ENG-289,C4,DRAFT-AUTHORITY-DERIVED,Implementation of ENG-289 MUST preserve its canonical constraint: Target architecture test corpus.,Violation => release block / fail closed for affected behavior.,Needs executable predicate before implementation freeze.
INV-0247,ENG-290,C5,DRAFT-AUTHORITY-DERIVED,Implementation of ENG-290 MUST preserve its canonical constraint: Golden target-architecture journeys.,Violation => release block / fail closed for affected behavior.,Needs executable predicate before implementation freeze.
INV-0248,ENG-291,C5,DRAFT-AUTHORITY-DERIVED,Implementation of ENG-291 MUST preserve its canonical constraint: Golden target-architecture failure journeys.,Violation => release block / fail closed for affected behavior.,Needs executable predicate before implementation freeze.
INV-0249,ENG-292,C5,DRAFT-AUTHORITY-DERIVED,Implementation of ENG-292 MUST preserve its canonical constraint: 30-pass circuit extension.,Violation => release block / fail closed for affected behavior.,Needs executable predicate before implementation freeze.
INV-0250,ENG-293,C5,DRAFT-AUTHORITY-DERIVED,Implementation of ENG-293 MUST preserve its canonical constraint: 150-expert ownership extension.,Violation => release block / fail closed for affected behavior.,Needs executable predicate before implementation freeze.
INV-0251,ENG-294,C5,DRAFT-AUTHORITY-DERIVED,Implementation of ENG-294 MUST preserve its canonical constraint: Clinical safety hazards for target architecture.,Violation => release block / fail closed for affected behavior.,Needs executable predicate before implementation freeze.
INV-0252,ENG-295,C5,DRAFT-AUTHORITY-DERIVED,Implementation of ENG-295 MUST preserve its canonical constraint: Regulatory/intended-use change gate.,Violation => release block / fail closed for affected behavior.,Needs executable predicate before implementation freeze.
INV-0253,ENG-296,C5,DRAFT-AUTHORITY-DERIVED,Implementation of ENG-296 MUST preserve its canonical constraint: Clinical knowledge source gate.,Violation => release block / fail closed for affected behavior.,Needs executable predicate before implementation freeze.
INV-0254,ENG-297,C5,DRAFT-AUTHORITY-DERIVED,Implementation of ENG-297 MUST preserve its canonical constraint: Target architecture definition of done.,Violation => release block / fail closed for affected behavior.,Needs executable predicate before implementation freeze.
INV-0255,ENG-298,C5,DRAFT-AUTHORITY-DERIVED,Implementation of ENG-298 MUST preserve its canonical constraint: Target architecture release admission.,Violation => release block / fail closed for affected behavior.,Needs executable predicate before implementation freeze.
INV-0256,ENG-299,C4,DRAFT-AUTHORITY-DERIVED,Implementation of ENG-299 MUST preserve its canonical constraint: Architecture objective after this expansion.,Violation => release block / fail closed for affected behavior.,Needs executable predicate before implementation freeze.
INV-0257,ENG-300,C5,DRAFT-AUTHORITY-DERIVED,Implementation of ENG-300 MUST preserve its canonical constraint: V2.1.1 target-architecture freeze marker.,Violation => release block / fail closed for affected behavior.,Needs executable predicate before implementation freeze.
INV-0258,ENG-301,C5,DRAFT-AUTHORITY-DERIVED,Implementation of ENG-301 MUST preserve its canonical constraint: Target architecture capability-to-engineering matrix.,Violation => release block / fail closed for affected behavior.,Needs executable predicate before implementation freeze.
INV-0259,ENG-302,C5,DRAFT-AUTHORITY-DERIVED,Implementation of ENG-302 MUST preserve its canonical constraint: Clinical Semantic Kernel.,Violation => release block / fail closed for affected behavior.,Needs executable predicate before implementation freeze.
INV-0260,ENG-303,C5,DRAFT-AUTHORITY-DERIVED,Implementation of ENG-303 MUST preserve its canonical constraint: Clinical Epistemology / Truth Model.,Violation => release block / fail closed for affected behavior.,Needs executable predicate before implementation freeze.
INV-0261,ENG-304,C4,DRAFT-AUTHORITY-DERIVED,Implementation of ENG-304 MUST preserve its canonical constraint: Fact–Derived Fact–Inference–Recommendation–Decision separation.,Violation => release block / fail closed for affected behavior.,Needs executable predicate before implementation freeze.
INV-0262,ENG-305,C5,DRAFT-AUTHORITY-DERIVED,Implementation of ENG-305 MUST preserve its canonical constraint: Clinical relationship semantics and causal guardrails.,Violation => release block / fail closed for affected behavior.,Needs executable predicate before implementation freeze.
INV-0263,ENG-306,C5,DRAFT-AUTHORITY-DERIVED,Implementation of ENG-306 MUST preserve its canonical constraint: State Machine Constitution.,Violation => release block / fail closed for affected behavior.,Needs executable predicate before implementation freeze.
INV-0264,ENG-307,C5,DRAFT-AUTHORITY-DERIVED,Implementation of ENG-307 MUST preserve its canonical constraint: Result Lifecycle 2.0.,Violation => release block / fail closed for affected behavior.,Needs executable predicate before implementation freeze.
INV-0265,ENG-308,C5,DRAFT-AUTHORITY-DERIVED,Implementation of ENG-308 MUST preserve its canonical constraint: Zero Lost Follow-Up formal invariant.,Violation => release block / fail closed for affected behavior.,Needs executable predicate before implementation freeze.
INV-0266,ENG-309,C5,DRAFT-AUTHORITY-DERIVED,Implementation of ENG-309 MUST preserve its canonical constraint: Clinical Invariant Registry.,Violation => release block / fail closed for affected behavior.,Needs executable predicate before implementation freeze.
INV-0267,ENG-310,C5,DRAFT-AUTHORITY-DERIVED,Implementation of ENG-310 MUST preserve its canonical constraint: Formal verification escalation policy.,Violation => release block / fail closed for affected behavior.,Needs executable predicate before implementation freeze.
INV-0268,ENG-311,C5,DRAFT-AUTHORITY-DERIVED,Implementation of ENG-311 MUST preserve its canonical constraint: Global Clinical Reconciliation Engine.,Violation => release block / fail closed for affected behavior.,Needs executable predicate before implementation freeze.
INV-0269,ENG-312,C4,DRAFT-AUTHORITY-DERIVED,Implementation of ENG-312 MUST preserve its canonical constraint: Clinical Replay.,Violation => release block / fail closed for affected behavior.,Needs executable predicate before implementation freeze.
INV-0270,ENG-313,C4,DRAFT-AUTHORITY-DERIVED,Implementation of ENG-313 MUST preserve its canonical constraint: Patient Impact Query.,Violation => release block / fail closed for affected behavior.,Needs executable predicate before implementation freeze.
INV-0271,ENG-314,C4,DRAFT-AUTHORITY-DERIVED,Implementation of ENG-314 MUST preserve its canonical constraint: Action-Level Clinical BOM.,Violation => release block / fail closed for affected behavior.,Needs executable predicate before implementation freeze.
INV-0272,ENG-315,C4,DRAFT-AUTHORITY-DERIVED,Implementation of ENG-315 MUST preserve its canonical constraint: Clinical Policy Engine separation.,Violation => release block / fail closed for affected behavior.,Needs executable predicate before implementation freeze.
INV-0273,ENG-316,C3,DRAFT-AUTHORITY-DERIVED,Implementation of ENG-316 MUST preserve its canonical constraint: Semantic Interoperability Firewall.,Violation => release block / fail closed for affected behavior.,Needs executable predicate before implementation freeze.
INV-0274,ENG-317,C5,DRAFT-AUTHORITY-DERIVED,Implementation of ENG-317 MUST preserve its canonical constraint: Clinical Data Trust Dimensions.,Violation => release block / fail closed for affected behavior.,Needs executable predicate before implementation freeze.
INV-0275,ENG-318,C5,DRAFT-AUTHORITY-DERIVED,Implementation of ENG-318 MUST preserve its canonical constraint: Pediatric Clinical Context hardening.,Violation => release block / fail closed for affected behavior.,Needs executable predicate before implementation freeze.
INV-0276,ENG-319,C5,DRAFT-AUTHORITY-DERIVED,Implementation of ENG-319 MUST preserve its canonical constraint: Context Applicability Framework.,Violation => release block / fail closed for affected behavior.,Needs executable predicate before implementation freeze.
INV-0277,ENG-320,C4,DRAFT-AUTHORITY-DERIVED,Implementation of ENG-320 MUST preserve its canonical constraint: Safety Envelope Contract.,Violation => release block / fail closed for affected behavior.,Needs executable predicate before implementation freeze.
INV-0278,ENG-321,C4,DRAFT-AUTHORITY-DERIVED,Implementation of ENG-321 MUST preserve its canonical constraint: AI Task Card Registry.,Violation => release block / fail closed for affected behavior.,Needs executable predicate before implementation freeze.
INV-0279,ENG-322,C4,DRAFT-AUTHORITY-DERIVED,Implementation of ENG-322 MUST preserve its canonical constraint: AI Evidence Coverage.,Violation => release block / fail closed for affected behavior.,Needs executable predicate before implementation freeze.
INV-0280,ENG-323,C4,DRAFT-AUTHORITY-DERIVED,Implementation of ENG-323 MUST preserve its canonical constraint: AI independent verification pattern.,Violation => release block / fail closed for affected behavior.,Needs executable predicate before implementation freeze.
INV-0281,ENG-324,C4,DRAFT-AUTHORITY-DERIVED,Implementation of ENG-324 MUST preserve its canonical constraint: UI Truthfulness Contract.,Violation => release block / fail closed for affected behavior.,Needs executable predicate before implementation freeze.
INV-0282,ENG-325,C5,DRAFT-AUTHORITY-DERIVED,Implementation of ENG-325 MUST preserve its canonical constraint: Clinical Progressive Disclosure.,Violation => release block / fail closed for affected behavior.,Needs executable predicate before implementation freeze.
INV-0283,ENG-326,C4,DRAFT-AUTHORITY-DERIVED,Implementation of ENG-326 MUST preserve its canonical constraint: Why Is This Here? universal explanation contract.,Violation => release block / fail closed for affected behavior.,Needs executable predicate before implementation freeze.
INV-0284,ENG-327,C5,DRAFT-AUTHORITY-DERIVED,Implementation of ENG-327 MUST preserve its canonical constraint: Clinical Density Profiles.,Violation => release block / fail closed for affected behavior.,Needs executable predicate before implementation freeze.
INV-0285,ENG-328,C4,DRAFT-AUTHORITY-DERIVED,Implementation of ENG-328 MUST preserve its canonical constraint: Digital Twin Clinic CI integration.,Violation => release block / fail closed for affected behavior.,Needs executable predicate before implementation freeze.
INV-0286,ENG-329,C4,DRAFT-AUTHORITY-DERIVED,Implementation of ENG-329 MUST preserve its canonical constraint: Adversarial Synthetic Clinician Agents.,Violation => release block / fail closed for affected behavior.,Needs executable predicate before implementation freeze.
INV-0287,ENG-330,C5,DRAFT-AUTHORITY-DERIVED,Implementation of ENG-330 MUST preserve its canonical constraint: Clinical Safety Red Team.,Violation => release block / fail closed for affected behavior.,Needs executable predicate before implementation freeze.
INV-0288,ENG-332,C5,DRAFT-AUTHORITY-DERIVED,Implementation of ENG-332 MUST preserve its canonical constraint: Executable Documentation Transition.,Violation => release block / fail closed for affected behavior.,Needs executable predicate before implementation freeze.
INV-0289,ENG-333,C4,DRAFT-AUTHORITY-DERIVED,Implementation of ENG-333 MUST preserve its canonical constraint: Clinical Kernel package boundary.,Violation => release block / fail closed for affected behavior.,Needs executable predicate before implementation freeze.
INV-0290,ENG-334,C4,DRAFT-AUTHORITY-DERIVED,Implementation of ENG-334 MUST preserve its canonical constraint: Truth Model package boundary.,Violation => release block / fail closed for affected behavior.,Needs executable predicate before implementation freeze.
INV-0291,ENG-335,C5,DRAFT-AUTHORITY-DERIVED,Implementation of ENG-335 MUST preserve its canonical constraint: Invariant-as-Code package.,Violation => release block / fail closed for affected behavior.,Needs executable predicate before implementation freeze.
INV-0292,ENG-336,C4,DRAFT-AUTHORITY-DERIVED,Implementation of ENG-336 MUST preserve its canonical constraint: Replay and Impact service boundary.,Violation => release block / fail closed for affected behavior.,Needs executable predicate before implementation freeze.
INV-0293,ENG-337,C5,DRAFT-AUTHORITY-DERIVED,Implementation of ENG-337 MUST preserve its canonical constraint: Reconciliation ownership model.,Violation => release block / fail closed for affected behavior.,Needs executable predicate before implementation freeze.
INV-0294,ENG-338,C4,DRAFT-AUTHORITY-DERIVED,Implementation of ENG-338 MUST preserve its canonical constraint: Clinical Computation Safety Envelope schema.,Violation => release block / fail closed for affected behavior.,Needs executable predicate before implementation freeze.
INV-0295,ENG-339,C4,DRAFT-AUTHORITY-DERIVED,Implementation of ENG-339 MUST preserve its canonical constraint: AI Task Card schema.,Violation => release block / fail closed for affected behavior.,Needs executable predicate before implementation freeze.
INV-0296,ENG-340,C4,DRAFT-AUTHORITY-DERIVED,Implementation of ENG-340 MUST preserve its canonical constraint: UI Semantic Status tokens.,Violation => release block / fail closed for affected behavior.,Needs executable predicate before implementation freeze.
INV-0297,ENG-341,C5,DRAFT-AUTHORITY-DERIVED,Implementation of ENG-341 MUST preserve its canonical constraint: Pediatric Dose Computation receipt.,Violation => release block / fail closed for affected behavior.,Needs executable predicate before implementation freeze.
INV-0298,ENG-342,C5,DRAFT-AUTHORITY-DERIVED,Implementation of ENG-342 MUST preserve its canonical constraint: Corrected Result propagation DAG.,Violation => release block / fail closed for affected behavior.,Needs executable predicate before implementation freeze.
INV-0299,ENG-343,C4,DRAFT-AUTHORITY-DERIVED,Implementation of ENG-343 MUST preserve its canonical constraint: Knowledge/Policy conflict representation.,Violation => release block / fail closed for affected behavior.,Needs executable predicate before implementation freeze.
INV-0300,ENG-344,C5,DRAFT-AUTHORITY-DERIVED,Implementation of ENG-344 MUST preserve its canonical constraint: Clinical Context invalidation.,Violation => release block / fail closed for affected behavior.,Needs executable predicate before implementation freeze.
INV-0301,ENG-345,C4,DRAFT-AUTHORITY-DERIVED,Implementation of ENG-345 MUST preserve its canonical constraint: Epistemic UI safety tests.,Violation => release block / fail closed for affected behavior.,Needs executable predicate before implementation freeze.
INV-0302,ENG-346,C5,DRAFT-AUTHORITY-DERIVED,Implementation of ENG-346 MUST preserve its canonical constraint: Formal target architecture acceptance gate.,Violation => release block / fail closed for affected behavior.,Needs executable predicate before implementation freeze.
INV-0303,ENG-348,C5,DRAFT-AUTHORITY-DERIVED,Implementation of ENG-348 MUST preserve its canonical constraint: Formal architecture implementation priority matrix.,Violation => release block / fail closed for affected behavior.,Needs executable predicate before implementation freeze.
