PROD,Status,Product authority,Risk,ENG 1,Score,ENG 2,Score,ENG 3,Score,ENG 4,Score,ENG 5,Score,Review Decision,Release Effect,Review Note
PROD-000,ACTIVE,Cómo leer este documento,C2,ENG-000 | Contrato entre V2 y V2.1,0.303,ENG-100 | Application Service pattern,0.1014,ENG-001 | Resultado de los cinco ciclos de análisis,0.0905,ENG-003 | Operating Model: de idea a producción,0.0887,"ENG-176 | 2,000-physician synthetic validation program",0.0674,APPROVED_WITH_SECONDARY_REVIEW,ELIGIBLE_FOR_REGISTRY,"Machine-assisted semantic review; authority requires registry acceptance. Candidate scores are evidence, not authority."
PROD-001,ACTIVE,Constitución del producto,C5,ENG-000 | Contrato entre V2 y V2.1,0.1473,ENG-100 | Application Service pattern,0.0865,ENG-180 | Global invariant catalog,0.0766,ENG-070 | First golden vertical slice,0.072,ENG-003 | Operating Model: de idea a producción,0.0705,REVIEW_REQUIRED,BLOCKED,"Machine-assisted semantic review; authority requires registry acceptance. Candidate scores are evidence, not authority."
PROD-002,ACTIVE,Promesa de producto,C2,ENG-000 | Contrato entre V2 y V2.1,0.1141,ENG-001 | Resultado de los cinco ciclos de análisis,0,ENG-002 | Organización de desarrollo equivalente a >100 especialistas,0,ENG-003 | Operating Model: de idea a producción,0,ENG-004 | Repository y bounded contexts,0,REVIEW_REQUIRED,BLOCKED,"Machine-assisted semantic review; authority requires registry acceptance. Candidate scores are evidence, not authority."
PROD-003,ACTIVE,Lo que Medical OS no será,C2,ENG-003 | Operating Model: de idea a producción,0.189,ENG-000 | Contrato entre V2 y V2.1,0.1145,ENG-348 | Formal architecture implementation priority matrix,0.068,"ENG-077 | Metrics that prove function, not marketing",0.0485,ENG-298 | Target architecture release admission,0.0444,REVIEW_REQUIRED,BLOCKED,"Machine-assisted semantic review; authority requires registry acceptance. Candidate scores are evidence, not authority."
PROD-004,ACTIVE,Benchmark mundial y estrategia de aprendizaje,C2,ENG-100 | Application Service pattern,0.1147,ENG-000 | Contrato entre V2 y V2.1,0.1073,ENG-001 | Resultado de los cinco ciclos de análisis,0.0663,ENG-348 | Formal architecture implementation priority matrix,0.0345,"ENG-087 | Data retention, deletion and legal hold architecture",0.0246,REVIEW_REQUIRED,BLOCKED,"Machine-assisted semantic review; authority requires registry acceptance. Candidate scores are evidence, not authority."
PROD-005,ACTIVE,Los diez sistemas que componen Medical OS,C2,ENG-001 | Resultado de los cinco ciclos de análisis,0.159,ENG-000 | Contrato entre V2 y V2.1,0.0639,ENG-002 | Organización de desarrollo equivalente a >100 especialistas,0,ENG-003 | Operating Model: de idea a producción,0,ENG-004 | Repository y bounded contexts,0,REVIEW_REQUIRED,BLOCKED,"Machine-assisted semantic review; authority requires registry acceptance. Candidate scores are evidence, not authority."
PROD-006,ACTIVE,Information Architecture global,C2,ENG-041 | Country Packs,0.159,ENG-189 | Multi-region and consistency,0.1378,ENG-322 | AI Evidence Coverage,0.1331,ENG-311 | Global Clinical Reconciliation Engine,0.13,ENG-181 | Property registry and formal-method candidates,0.1267,REVIEW_REQUIRED,BLOCKED,"Machine-assisted semantic review; authority requires registry acceptance. Candidate scores are evidence, not authority."
PROD-007,ACTIVE,Clinical Command Center,C5,ENG-100 | Application Service pattern,0.0939,ENG-003 | Operating Model: de idea a producción,0.0843,ENG-348 | Formal architecture implementation priority matrix,0.0743,ENG-247 | Operational Intelligence,0.0709,ENG-207 | Stop-the-line conditions,0.0668,REVIEW_REQUIRED,BLOCKED,"Machine-assisted semantic review; authority requires registry acceptance. Candidate scores are evidence, not authority."
PROD-008,ACTIVE,Design Language — la estética tiene propósito clínico,C4,ENG-000 | Contrato entre V2 y V2.1,0.107,ENG-348 | Formal architecture implementation priority matrix,0.0773,ENG-014 | Encounter Engine,0.0731,ENG-051 | Design System implementation,0.069,ENG-325 | Clinical Progressive Disclosure,0.0667,REVIEW_REQUIRED,BLOCKED,"Machine-assisted semantic review; authority requires registry acceptance. Candidate scores are evidence, not authority."
PROD-009,ACTIVE,Human Factors y cognitive load,C2,ENG-275 | Human-factors validation for target capabilities,0.188,ENG-331 | Complexity Budget / Feature Admission,0.1471,ENG-236 | Cognitive Load Controller,0.1465,ENG-345 | Epistemic UI safety tests,0.1309,ENG-169 | AI authority and evaluation,0.1274,REVIEW_REQUIRED,BLOCKED,"Machine-assisted semantic review; authority requires registry acceptance. Candidate scores are evidence, not authority."
PROD-010,ACTIVE,Patient Identity & Universal Search,C5,ENG-070 | First golden vertical slice,0.0919,ENG-134 | 150-expert equivalent engineering organization,0.086,ENG-064 | Definition of Done — universal,0.0845,ENG-078 | Anti-pattern blacklist,0.0776,ENG-348 | Formal architecture implementation priority matrix,0.0756,REVIEW_REQUIRED,BLOCKED,"Machine-assisted semantic review; authority requires registry acceptance. Candidate scores are evidence, not authority."
PROD-011,ACTIVE,Patient Workspace,C5,ENG-070 | First golden vertical slice,0.1446,ENG-011 | Database conventions,0.1438,ENG-231 | Semantic Clinical Timeline,0.1119,ENG-003 | Operating Model: de idea a producción,0.1076,ENG-000 | Contrato entre V2 y V2.1,0.1028,REVIEW_REQUIRED,BLOCKED,"Machine-assisted semantic review; authority requires registry acceptance. Candidate scores are evidence, not authority."
PROD-012,ACTIVE,Clinical Patient State,C4,ENG-012 | Patient State Engine,0.2265,ENG-000 | Contrato entre V2 y V2.1,0.1259,ENG-284 | Target architecture state-machine package,0.1139,ENG-259 | New object information-state policy,0.1091,ENG-306 | State Machine Constitution,0.1058,REVIEW_REQUIRED,BLOCKED,"Machine-assisted semantic review; authority requires registry acceptance. Candidate scores are evidence, not authority."
PROD-013,ACTIVE,Collections clínicas: nunca campos únicos,C2,ENG-000 | Contrato entre V2 y V2.1,0,ENG-001 | Resultado de los cinco ciclos de análisis,0,ENG-002 | Organización de desarrollo equivalente a >100 especialistas,0,ENG-003 | Operating Model: de idea a producción,0,ENG-004 | Repository y bounded contexts,0,REVIEW_REQUIRED,BLOCKED,"Machine-assisted semantic review; authority requires registry acceptance. Candidate scores are evidence, not authority."
PROD-014,ACTIVE,Encounter OS,C5,ENG-070 | First golden vertical slice,0.1642,ENG-290 | Golden target-architecture journeys,0.1324,ENG-064 | Definition of Done — universal,0.1132,ENG-078 | Anti-pattern blacklist,0.1099,ENG-207 | Stop-the-line conditions,0.1057,REVIEW_REQUIRED,BLOCKED,"Machine-assisted semantic review; authority requires registry acceptance. Candidate scores are evidence, not authority."
PROD-015,ACTIVE,Pre-Visit Intelligence,C5,ENG-015 | Adaptive Clinical History,0.1881,ENG-031 | Clinical Intelligence Engine contracts,0.1196,ENG-170 | Interface structural shell and information hierarchy,0.1156,ENG-033 | Care Gap and Chronic Disease Spaces,0.1126,ENG-229 | Clinical Delta Engine,0.0998,REVIEW_REQUIRED,BLOCKED,"Machine-assisted semantic review; authority requires registry acceptance. Candidate scores are evidence, not authority."
PROD-016,ACTIVE,Adaptive Clinical History Engine,C4,ENG-000 | Contrato entre V2 y V2.1,0.0912,ENG-016 | Vitals & Observation architecture,0.0831,ENG-015 | Adaptive Clinical History,0.0388,ENG-348 | Formal architecture implementation priority matrix,0.0289,ENG-231 | Semantic Clinical Timeline,0.0259,REVIEW_REQUIRED,BLOCKED,"Machine-assisted semantic review; authority requires registry acceptance. Candidate scores are evidence, not authority."
PROD-017,ACTIVE,Clinical Coverage Map,C5,ENG-017 | Physical Examination OS,0.1694,"ENG-032 | Omission, Concordance and Trajectory",0.1691,ENG-218 | Clinical Goal-to-Result closure model,0.1665,ENG-290 | Golden target-architecture journeys,0.1523,ENG-045 | Clinical Safety Management System,0.1423,REVIEW_REQUIRED,BLOCKED,"Machine-assisted semantic review; authority requires registry acceptance. Candidate scores are evidence, not authority."
PROD-018,ACTIVE,Signos vitales y mediciones,C5,"ENG-018 | Assessment, hypotheses and Problem Lifecycle",0.2206,ENG-348 | Formal architecture implementation priority matrix,0.0647,"ENG-162 | Result, correction and longitudinal baseline semantics",0.0566,ENG-016 | Vitals & Observation architecture,0.0543,ENG-341 | Pediatric Dose Computation receipt,0.0473,REVIEW_REQUIRED,BLOCKED,"Machine-assisted semantic review; authority requires registry acceptance. Candidate scores are evidence, not authority."
PROD-019,ACTIVE,Physical Examination OS,C2,ENG-017 | Physical Examination OS,0.1492,ENG-019 | Clinical Decision Checkpoint,0.0813,ENG-100 | Application Service pattern,0.0734,ENG-000 | Contrato entre V2 y V2.1,0.0698,ENG-348 | Formal architecture implementation priority matrix,0.0661,REVIEW_REQUIRED,BLOCKED,"Machine-assisted semantic review; authority requires registry acceptance. Candidate scores are evidence, not authority."
PROD-020,ACTIVE,Assessment & Differential Workspace,C2,ENG-013 | Patient Workspace implementation,0.5589,ENG-014 | Encounter Engine,0.3341,"ENG-018 | Assessment, hypotheses and Problem Lifecycle",0.1448,ENG-222 | Hypothesis Workspace,0.1409,ENG-076 | Clinical production gates,0.1038,APPROVED_PRIMARY,ELIGIBLE_FOR_REGISTRY,"Machine-assisted semantic review; authority requires registry acceptance. Candidate scores are evidence, not authority."
PROD-021,ACTIVE,Clinical Decision Checkpoint,C5,ENG-290 | Golden target-architecture journeys,0.1858,ENG-163 | Clinical Obligation Graph and no-orphan reconciliation,0.1676,ENG-216 | Clinical Plan Compiler,0.153,ENG-218 | Clinical Goal-to-Result closure model,0.1509,ENG-268 | Knowledge Engine extensions for goals and care plans,0.149,REVIEW_REQUIRED,BLOCKED,"Machine-assisted semantic review; authority requires registry acceptance. Candidate scores are evidence, not authority."
PROD-022,ACTIVE,Notes OS,C3,ENG-022 | Prescription Studio,0.1813,"ENG-020 | Notes, legal snapshot and amendment",0.137,ENG-000 | Contrato entre V2 y V2.1,0.1286,ENG-064 | Definition of Done — universal,0.127,ENG-070 | First golden vertical slice,0.1146,REVIEW_REQUIRED,BLOCKED,"Machine-assisted semantic review; authority requires registry acceptance. Candidate scores are evidence, not authority."
PROD-023,ACTIVE,Medication OS,C5,ENG-220 | Medication Intelligence Graph 2.0,0.1923,"ENG-023 | Orders, diagnostics and referrals",0.1715,ENG-070 | First golden vertical slice,0.1553,ENG-221 | Medication Change Impact Engine,0.1501,ENG-074 | Medication safety board gates,0.1383,REVIEW_REQUIRED,BLOCKED,"Machine-assisted semantic review; authority requires registry acceptance. Candidate scores are evidence, not authority."
PROD-024,ACTIVE,Prescripción pediátrica y cálculos,C5,ENG-003 | Operating Model: de idea a producción,0.0786,ENG-065 | Certification & Compliance Evidence Pack,0.0727,ENG-348 | Formal architecture implementation priority matrix,0.0519,ENG-044 | México Compliance-as-Code baseline,0.0516,ENG-000 | Contrato entre V2 y V2.1,0.0401,REVIEW_REQUIRED,BLOCKED,"Machine-assisted semantic review; authority requires registry acceptance. Candidate scores are evidence, not authority."
PROD-025,ACTIVE,Prescription Studio,C2,ENG-000 | Contrato entre V2 y V2.1,0.1268,ENG-022 | Prescription Studio,0.1265,ENG-025 | Result Inbox,0.0958,ENG-100 | Application Service pattern,0.0836,ENG-001 | Resultado de los cinco ciclos de análisis,0.0722,REVIEW_REQUIRED,BLOCKED,"Machine-assisted semantic review; authority requires registry acceptance. Candidate scores are evidence, not authority."
PROD-026,ACTIVE,Orders & Diagnostics OS,C5,ENG-070 | First golden vertical slice,0.1979,ENG-026 | Document Intelligence Pipeline,0.1918,ENG-163 | Clinical Obligation Graph and no-orphan reconciliation,0.1763,"ENG-023 | Orders, diagnostics and referrals",0.1746,ENG-290 | Golden target-architecture journeys,0.1681,REVIEW_REQUIRED,BLOCKED,"Machine-assisted semantic review; authority requires registry acceptance. Candidate scores are evidence, not authority."
PROD-027,ACTIVE,Document Intelligence Pipeline — comportamiento de producto,C3,ENG-027 | Laboratory OS,0.1835,ENG-166 | Document Intelligence production pipeline,0.1532,ENG-031 | Clinical Intelligence Engine contracts,0.1466,ENG-058 | CI/CD pipeline,0.1078,ENG-026 | Document Intelligence Pipeline,0.1027,REVIEW_REQUIRED,BLOCKED,"Machine-assisted semantic review; authority requires registry acceptance. Candidate scores are evidence, not authority."
PROD-028,ACTIVE,Laboratory OS,C5,ENG-028 | Imaging OS,0.2317,ENG-221 | Medication Change Impact Engine,0.1426,ENG-031 | Clinical Intelligence Engine contracts,0.1279,ENG-291 | Golden target-architecture failure journeys,0.115,ENG-220 | Medication Intelligence Graph 2.0,0.1078,REVIEW_REQUIRED,BLOCKED,"Machine-assisted semantic review; authority requires registry acceptance. Candidate scores are evidence, not authority."
PROD-029,ACTIVE,Imaging OS,C2,ENG-029 | Pathology OS,0.2879,ENG-028 | Imaging OS,0.1593,ENG-073 | Imaging engineering board gates,0.1259,ENG-003 | Operating Model: de idea a producción,0.094,ENG-110 | DICOM / DICOMweb engineering details,0.0886,REVIEW_REQUIRED,BLOCKED,"Machine-assisted semantic review; authority requires registry acceptance. Candidate scores are evidence, not authority."
PROD-030,ACTIVE,Pathology OS,C5,ENG-029 | Pathology OS,0.2688,ENG-030 | Clinical Knowledge Architecture,0.2376,ENG-072 | Laboratory/QBP engineering board gates,0.1308,ENG-027 | Laboratory OS,0.1228,ENG-001 | Resultado de los cinco ciclos de análisis,0.1153,REVIEW_REQUIRED,BLOCKED,"Machine-assisted semantic review; authority requires registry acceptance. Candidate scores are evidence, not authority."
PROD-031,ACTIVE,Result Inbox,C5,ENG-025 | Result Inbox,0.1378,ENG-070 | First golden vertical slice,0.1374,ENG-134 | 150-expert equivalent engineering organization,0.1182,ENG-307 | Result Lifecycle 2.0,0.1149,ENG-001 | Resultado de los cinco ciclos de análisis,0.1089,REVIEW_REQUIRED,BLOCKED,"Machine-assisted semantic review; authority requires registry acceptance. Candidate scores are evidence, not authority."
PROD-032,ACTIVE,Clinical Obligation Engine,C4,ENG-024 | Clinical Obligation Engine,0.2154,"ENG-032 | Omission, Concordance and Trajectory",0.1251,ENG-000 | Contrato entre V2 y V2.1,0.0786,ENG-100 | Application Service pattern,0.0693,ENG-163 | Clinical Obligation Graph and no-orphan reconciliation,0.0483,REVIEW_REQUIRED,BLOCKED,"Machine-assisted semantic review; authority requires registry acceptance. Candidate scores are evidence, not authority."
PROD-033,ACTIVE,Care Gap & Preventive Engine,C4,ENG-033 | Care Gap and Chronic Disease Spaces,0.1478,ENG-163 | Clinical Obligation Graph and no-orphan reconciliation,0.0653,ENG-348 | Formal architecture implementation priority matrix,0.0635,ENG-297 | Target architecture definition of done,0.0604,ENG-045 | Clinical Safety Management System,0.0496,REVIEW_REQUIRED,BLOCKED,"Machine-assisted semantic review; authority requires registry acceptance. Candidate scores are evidence, not authority."
PROD-034,ACTIVE,Chronic Disease Spaces,C2,ENG-033 | Care Gap and Chronic Disease Spaces,0.1933,ENG-000 | Contrato entre V2 y V2.1,0.0818,ENG-177 | Digital Twin Clinic,0.0562,ENG-163 | Clinical Obligation Graph and no-orphan reconciliation,0.0497,ENG-161 | Patient State projection contract,0.0468,REVIEW_REQUIRED,BLOCKED,"Machine-assisted semantic review; authority requires registry acceptance. Candidate scores are evidence, not authority."
PROD-035,ACTIVE,Referral & Consultation Loop,C2,ENG-245 | Referral Intelligence 2.0,0.215,ENG-290 | Golden target-architecture journeys,0.1238,ENG-284 | Target architecture state-machine package,0.0896,ENG-307 | Result Lifecycle 2.0,0.0878,ENG-249 | Clinical Quality Observatory,0.0876,REVIEW_REQUIRED,BLOCKED,"Machine-assisted semantic review; authority requires registry acceptance. Candidate scores are evidence, not authority."
PROD-036,ACTIVE,Clinical Intelligence — arquitectura funcional,C4,ENG-031 | Clinical Intelligence Engine contracts,0.502,ENG-170 | Interface structural shell and information hierarchy,0.1984,ENG-247 | Operational Intelligence,0.1435,ENG-026 | Document Intelligence Pipeline,0.128,ENG-246 | Message Intelligence,0.1262,APPROVED_PRIMARY,ELIGIBLE_FOR_REGISTRY,"Machine-assisted semantic review; authority requires registry acceptance. Candidate scores are evidence, not authority."
PROD-037,ACTIVE,Omission Detection Engine,C5,"ENG-032 | Omission, Concordance and Trajectory",0.2583,"ENG-037 | Patient Link, Portal and communications",0.2086,ENG-207 | Stop-the-line conditions,0.1865,ENG-290 | Golden target-architecture journeys,0.1863,ENG-218 | Clinical Goal-to-Result closure model,0.1838,REVIEW_REQUIRED,BLOCKED,"Machine-assisted semantic review; authority requires registry acceptance. Candidate scores are evidence, not authority."
PROD-038,ACTIVE,Concordance Engine,C5,ENG-163 | Clinical Obligation Graph and no-orphan reconciliation,0.2664,ENG-290 | Golden target-architecture journeys,0.2214,"ENG-032 | Omission, Concordance and Trajectory",0.2172,"ENG-038 | Scheduling, rooming and operations",0.2143,ENG-045 | Clinical Safety Management System,0.2014,REVIEW_REQUIRED,BLOCKED,"Machine-assisted semantic review; authority requires registry acceptance. Candidate scores are evidence, not authority."
PROD-039,ACTIVE,Trajectory Engine,C5,ENG-039 | Interoperability architecture,0.1882,ENG-221 | Medication Change Impact Engine,0.1076,ENG-021 | Medication OS,0.0974,"ENG-162 | Result, correction and longitudinal baseline semantics",0.0909,ENG-074 | Medication safety board gates,0.0873,REVIEW_REQUIRED,BLOCKED,"Machine-assisted semantic review; authority requires registry acceptance. Candidate scores are evidence, not authority."
PROD-040,ACTIVE,Knowledge & Evidence Engine,C4,ENG-002 | Organización de desarrollo equivalente a >100 especialistas,0.12,ENG-000 | Contrato entre V2 y V2.1,0.0841,ENG-030 | Clinical Knowledge Architecture,0.0649,ENG-100 | Application Service pattern,0.0639,ENG-078 | Anti-pattern blacklist,0.0568,REVIEW_REQUIRED,BLOCKED,"Machine-assisted semantic review; authority requires registry acceptance. Candidate scores are evidence, not authority."
PROD-041,ACTIVE,AI Clinical Copilot,C5,ENG-070 | First golden vertical slice,0.1441,ENG-064 | Definition of Done — universal,0.1424,ENG-036 | AI evaluation framework,0.1055,ENG-078 | Anti-pattern blacklist,0.1042,ENG-134 | 150-expert equivalent engineering organization,0.1036,REVIEW_REQUIRED,BLOCKED,"Machine-assisted semantic review; authority requires registry acceptance. Candidate scores are evidence, not authority."
PROD-042,ACTIVE,Model Gateway y estrategia multi-modelo,C4,ENG-042 | Security Architecture,0.1587,ENG-043 | Privacy Engineering,0.1001,ENG-167 | AI Task Fabric and Gateway,0.0982,ENG-124 | Model monitoring after release,0.092,ENG-093 | Change management after V2.1 freeze,0.0876,REVIEW_REQUIRED,BLOCKED,"Machine-assisted semantic review; authority requires registry acceptance. Candidate scores are evidence, not authority."
PROD-043,ACTIVE,AI Evaluation & Governance,C2,ENG-121 | Data governance and lineage,0.1248,ENG-046 | Human factors and alert governance,0.1061,ENG-125 | Versioning strategy,0.0869,ENG-209 | V2 product baseline preservation,0.0836,ENG-124 | Model monitoring after release,0.0831,REVIEW_REQUIRED,BLOCKED,"Machine-assisted semantic review; authority requires registry acceptance. Candidate scores are evidence, not authority."
PROD-044,ACTIVE,Patient Link & Patient Portal,C5,"ENG-037 | Patient Link, Portal and communications",0.196,ENG-070 | First golden vertical slice,0.1033,ENG-078 | Anti-pattern blacklist,0.0989,ENG-003 | Operating Model: de idea a producción,0.0983,ENG-134 | 150-expert equivalent engineering organization,0.0949,REVIEW_REQUIRED,BLOCKED,"Machine-assisted semantic review; authority requires registry acceptance. Candidate scores are evidence, not authority."
PROD-045,ACTIVE,Communication OS,C4,ENG-045 | Clinical Safety Management System,0.1695,"ENG-037 | Patient Link, Portal and communications",0.1012,ENG-100 | Application Service pattern,0.0999,ENG-024 | Clinical Obligation Engine,0.062,ENG-348 | Formal architecture implementation priority matrix,0.0573,REVIEW_REQUIRED,BLOCKED,"Machine-assisted semantic review; authority requires registry acceptance. Candidate scores are evidence, not authority."
PROD-046,ACTIVE,Scheduling & Rooming,C4,ENG-046 | Human factors and alert governance,0.2346,"ENG-038 | Scheduling, rooming and operations",0.2231,ENG-014 | Encounter Engine,0.1106,ENG-230 | What Changed? pre-visit contract,0.085,ENG-348 | Formal architecture implementation priority matrix,0.0746,REVIEW_REQUIRED,BLOCKED,"Machine-assisted semantic review; authority requires registry acceptance. Candidate scores are evidence, not authority."
PROD-047,ACTIVE,Practice Operations,C2,ENG-086 | Multi-facility and enterprise scaling,0.1267,ENG-088 | Support and operations access,0.0774,"ENG-038 | Scheduling, rooming and operations",0.0638,ENG-043 | Privacy Engineering,0.0615,ENG-196 | Semantic diffs,0.0566,REVIEW_REQUIRED,BLOCKED,"Machine-assisted semantic review; authority requires registry acceptance. Candidate scores are evidence, not authority."
PROD-048,ACTIVE,Configuración — un producto dentro del producto,C2,ENG-100 | Application Service pattern,0.1624,ENG-000 | Contrato entre V2 y V2.1,0.1143,ENG-001 | Resultado de los cinco ciclos de análisis,0,ENG-002 | Organización de desarrollo equivalente a >100 especialistas,0,ENG-003 | Operating Model: de idea a producción,0,REVIEW_REQUIRED,BLOCKED,"Machine-assisted semantic review; authority requires registry acceptance. Candidate scores are evidence, not authority."
PROD-049,ACTIVE,Life-stage architecture,C2,ENG-239 | Evidence-at-the-point-of-decision,0.235,ENG-118 | Test data factories and synthetic patients,0.1908,ENG-071 | Specialty implementation strategy,0.1811,ENG-148 | Knowledge applicability and jurisdiction,0.1804,ENG-199 | Testing architecture,0.1062,REVIEW_REQUIRED,BLOCKED,"Machine-assisted semantic review; authority requires registry acceptance. Candidate scores are evidence, not authority."
PROD-050,ACTIVE,Specialty Packs,C4,ENG-071 | Specialty implementation strategy,0.1503,ENG-050 | Search architecture,0.1479,ENG-083 | Clinical Safety Case template,0.1404,ENG-129 | Specialty Package technical extension points,0.1007,"ENG-020 | Notes, legal snapshot and amendment",0.1001,REVIEW_REQUIRED,BLOCKED,"Machine-assisted semantic review; authority requires registry acceptance. Candidate scores are evidence, not authority."
PROD-051,ACTIVE,Intern/Resident Learning Layer,C2,ENG-051 | Design System implementation,0.1441,ENG-071 | Specialty implementation strategy,0.0707,ENG-094 | Final nanometric audit — invariant checklist,0.0649,ENG-348 | Formal architecture implementation priority matrix,0.0609,ENG-194 | Disaster recovery and safe mode,0.0574,REVIEW_REQUIRED,BLOCKED,"Machine-assisted semantic review; authority requires registry acceptance. Candidate scores are evidence, not authority."
PROD-052,ACTIVE,Interoperability Strategy,C4,ENG-039 | Interoperability architecture,0.2981,ENG-316 | Semantic Interoperability Firewall,0.2236,ENG-052 | Accessibility baseline,0.2002,ENG-100 | Application Service pattern,0.1295,ENG-185 | PHI egress and data minimization,0.1143,REVIEW_REQUIRED,BLOCKED,"Machine-assisted semantic review; authority requires registry acceptance. Candidate scores are evidence, not authority."
PROD-053,ACTIVE,Terminology Architecture — producto,C2,ENG-040 | Terminology architecture,0.13,ENG-000 | Contrato entre V2 y V2.1,0.0945,"ENG-109 | Terminology services: SNOMED CT, LOINC and local catalogs",0.0716,ENG-100 | Application Service pattern,0.0713,ENG-151 | Terminology infrastructure,0.0615,REVIEW_REQUIRED,BLOCKED,"Machine-assisted semantic review; authority requires registry acceptance. Candidate scores are evidence, not authority."
PROD-054,ACTIVE,International SaaS y Country Packs,C2,ENG-316 | Semantic Interoperability Firewall,0.2585,ENG-041 | Country Packs,0.2184,ENG-039 | Interoperability architecture,0.1948,ENG-185 | PHI egress and data minimization,0.1336,ENG-134 | 150-expert equivalent engineering organization,0.1107,REVIEW_REQUIRED,BLOCKED,"Machine-assisted semantic review; authority requires registry acceptance. Candidate scores are evidence, not authority."
PROD-055,ACTIVE,Security Product Principles,C4,"ENG-055 | Backup, DR and downtime mode",0.3063,ENG-042 | Security Architecture,0.1873,ENG-075 | Security release gates,0.1642,ENG-180 | Global invariant catalog,0.1517,ENG-182 | Security zero-trust request path,0.1428,APPROVED_WITH_SECONDARY_REVIEW,ELIGIBLE_FOR_REGISTRY,"Machine-assisted semantic review; authority requires registry acceptance. Candidate scores are evidence, not authority."
PROD-056,ACTIVE,Privacy by Design,C4,ENG-043 | Privacy Engineering,0.2571,ENG-277 | Target architecture privacy expansion,0.1913,"ENG-087 | Data retention, deletion and legal hold architecture",0.181,ENG-336 | Replay and Impact service boundary,0.1648,ENG-313 | Patient Impact Query,0.163,REVIEW_REQUIRED,BLOCKED,"Machine-assisted semantic review; authority requires registry acceptance. Candidate scores are evidence, not authority."
PROD-057,ACTIVE,México-first compliance baseline,C2,ENG-044 | México Compliance-as-Code baseline,0.363,ENG-000 | Contrato entre V2 y V2.1,0.0843,ENG-065 | Certification & Compliance Evidence Pack,0.0627,ENG-151 | Terminology infrastructure,0.0529,ENG-082 | Compliance matrix example,0.051,APPROVED_WITH_SECONDARY_REVIEW,ELIGIBLE_FOR_REGISTRY,"Machine-assisted semantic review; authority requires registry acceptance. Candidate scores are evidence, not authority."
PROD-058,ACTIVE,Clinical Safety Management,C4,ENG-083 | Clinical Safety Case template,0.4774,ENG-045 | Clinical Safety Management System,0.2918,ENG-338 | Clinical Computation Safety Envelope schema,0.2095,ENG-345 | Epistemic UI safety tests,0.2033,ENG-327 | Clinical Density Profiles,0.1958,APPROVED_PRIMARY,ELIGIBLE_FOR_REGISTRY,"Machine-assisted semantic review; authority requires registry acceptance. Candidate scores are evidence, not authority."
PROD-059,ACTIVE,Regulatory Boundary for Clinical Intelligence,C5,ENG-059 | Database migration policy,0.2373,ENG-115 | Regulatory CDS / ScDM branch,0.2308,ENG-081 | Regulatory Feature Classification Register,0.1671,ENG-295 | Regulatory/intended-use change gate,0.1388,ENG-031 | Clinical Intelligence Engine contracts,0.1201,REVIEW_REQUIRED,BLOCKED,"Machine-assisted semantic review; authority requires registry acceptance. Candidate scores are evidence, not authority."
PROD-060,ACTIVE,Reliability Experience,C5,ENG-060 | Release train and feature flags,0.2195,ENG-012 | Patient State Engine,0.1494,ENG-348 | Formal architecture implementation priority matrix,0.1124,ENG-259 | New object information-state policy,0.1108,ENG-172 | Nanostructural UI contracts,0.1092,REVIEW_REQUIRED,BLOCKED,"Machine-assisted semantic review; authority requires registry acceptance. Candidate scores are evidence, not authority."
PROD-061,ACTIVE,Performance Experience Budgets,C2,ENG-053 | Performance budgets,0.7806,ENG-279 | Target architecture performance budgets,0.1532,"ENG-190 | Query, graph and cache budgets",0.1398,ENG-054 | Observability and SLO,0.1304,ENG-274 | Safe-mode physician experience,0.0982,APPROVED_PRIMARY,ELIGIBLE_FOR_REGISTRY,"Machine-assisted semantic review; authority requires registry acceptance. Candidate scores are evidence, not authority."
PROD-062,ACTIVE,Accessibility & Inclusive Design,C5,ENG-062 | Code review checklist,0.3726,ENG-052 | Accessibility baseline,0.2662,ENG-348 | Formal architecture implementation priority matrix,0.0861,ENG-112 | Browser and HTTP security baseline,0.086,ENG-076 | Clinical production gates,0.0821,APPROVED_WITH_SECONDARY_REVIEW,ELIGIBLE_FOR_REGISTRY,"Machine-assisted semantic review; authority requires registry acceptance. Candidate scores are evidence, not authority."
PROD-063,ACTIVE,Analytics & Product Telemetry,C2,ENG-253 | Federated analytics readiness,0.075,ENG-054 | Observability and SLO,0.0749,ENG-043 | Privacy Engineering,0.071,ENG-185 | PHI egress and data minimization,0.0624,ENG-092 | Product analytics without surveillance,0.061,REVIEW_REQUIRED,BLOCKED,"Machine-assisted semantic review; authority requires registry acceptance. Candidate scores are evidence, not authority."
PROD-064,ACTIVE,Product Roles & Permissions,C2,ENG-244 | Care Team Operating System,0.1167,ENG-167 | AI Task Fabric and Gateway,0.0872,ENG-050 | Search architecture,0.0833,ENG-113 | Supply-chain security,0.0805,"ENG-173 | Button, link and form-field contracts",0.0786,REVIEW_REQUIRED,BLOCKED,"Machine-assisted semantic review; authority requires registry acceptance. Candidate scores are evidence, not authority."
PROD-065,ACTIVE,Audit & Provenance Experience,C5,ENG-065 | Certification & Compliance Evidence Pack,0.237,ENG-288 | Target architecture event contract,0.1258,ENG-070 | First golden vertical slice,0.1235,ENG-183 | Authorization policy as code and break-glass,0.1159,ENG-207 | Stop-the-line conditions,0.1114,REVIEW_REQUIRED,BLOCKED,"Machine-assisted semantic review; authority requires registry acceptance. Candidate scores are evidence, not authority."
PROD-066,ACTIVE,V2 Product Scope Matrix,C2,ENG-082 | Compliance matrix example,0.4347,ENG-079 | V2 → V2.1 traceability matrix,0.2191,ENG-208 | V2 ↔ V2.1.1 traceability extension,0.1523,ENG-065 | Certification & Compliance Evidence Pack,0.129,ENG-096 | Official / primary references used in V2.1,0.1165,APPROVED_PRIMARY,ELIGIBLE_FOR_REGISTRY,"Machine-assisted semantic review; authority requires registry acceptance. Candidate scores are evidence, not authority."
PROD-067,ACTIVE,Product Freeze criteria,C5,ENG-163 | Clinical Obligation Graph and no-orphan reconciliation,0.1561,ENG-290 | Golden target-architecture journeys,0.1525,ENG-207 | Stop-the-line conditions,0.1489,ENG-070 | First golden vertical slice,0.1472,ENG-134 | 150-expert equivalent engineering organization,0.1407,REVIEW_REQUIRED,BLOCKED,"Machine-assisted semantic review; authority requires registry acceptance. Candidate scores are evidence, not authority."
PROD-068,ACTIVE,De V2 a V2.1,C2,ENG-000 | Contrato entre V2 y V2.1,0.2011,"ENG-087 | Data retention, deletion and legal hold architecture",0.0479,ENG-068 | Dependency graph / no-parallelism mistakes,0.042,ENG-348 | Formal architecture implementation priority matrix,0.0292,ENG-003 | Operating Model: de idea a producción,0.0286,REVIEW_REQUIRED,BLOCKED,"Machine-assisted semantic review; authority requires registry acceptance. Candidate scores are evidence, not authority."
PROD-069,ACTIVE,Cuatro pasadas de revisión aplicadas a V2 Final,C2,ENG-000 | Contrato entre V2 y V2.1,0,ENG-001 | Resultado de los cinco ciclos de análisis,0,ENG-002 | Organización de desarrollo equivalente a >100 especialistas,0,ENG-003 | Operating Model: de idea a producción,0,ENG-004 | Repository y bounded contexts,0,REVIEW_REQUIRED,BLOCKED,"Machine-assisted semantic review; authority requires registry acceptance. Candidate scores are evidence, not authority."
PROD-070,ACTIVE,Escenarios de aceptación maestra,C2,ENG-000 | Contrato entre V2 y V2.1,0,ENG-001 | Resultado de los cinco ciclos de análisis,0,ENG-002 | Organización de desarrollo equivalente a >100 especialistas,0,ENG-003 | Operating Model: de idea a producción,0,ENG-004 | Repository y bounded contexts,0,REVIEW_REQUIRED,BLOCKED,"Machine-assisted semantic review; authority requires registry acceptance. Candidate scores are evidence, not authority."
PROD-071,ACTIVE,Métricas de “número 1 por funcionamiento”,C2,"ENG-077 | Metrics that prove function, not marketing",0.1145,ENG-071 | Specialty implementation strategy,0.1119,ENG-100 | Application Service pattern,0.095,ENG-000 | Contrato entre V2 y V2.1,0.0669,ENG-348 | Formal architecture implementation priority matrix,0.0362,REVIEW_REQUIRED,BLOCKED,"Machine-assisted semantic review; authority requires registry acceptance. Candidate scores are evidence, not authority."
PROD-072,ACTIVE,Decisiones prohibidas V2,C5,ENG-072 | Laboratory/QBP engineering board gates,0.2119,ENG-078 | Anti-pattern blacklist,0.1661,ENG-134 | 150-expert equivalent engineering organization,0.1189,ENG-070 | First golden vertical slice,0.1136,ENG-000 | Contrato entre V2 y V2.1,0.101,REVIEW_REQUIRED,BLOCKED,"Machine-assisted semantic review; authority requires registry acceptance. Candidate scores are evidence, not authority."
PROD-073,ACTIVE,Backlog conceptual para V2.1,C2,ENG-000 | Contrato entre V2 y V2.1,0,ENG-001 | Resultado de los cinco ciclos de análisis,0,ENG-002 | Organización de desarrollo equivalente a >100 especialistas,0,ENG-003 | Operating Model: de idea a producción,0,ENG-004 | Repository y bounded contexts,0,REVIEW_REQUIRED,BLOCKED,"Machine-assisted semantic review; authority requires registry acceptance. Candidate scores are evidence, not authority."
PROD-074,ACTIVE,Fuentes y referencias de investigación externa,C2,ENG-074 | Medication safety board gates,0.094,ENG-001 | Resultado de los cinco ciclos de análisis,0.0701,ENG-000 | Contrato entre V2 y V2.1,0.0323,ENG-348 | Formal architecture implementation priority matrix,0.028,ENG-115 | Regulatory CDS / ScDM branch,0.0265,REVIEW_REQUIRED,BLOCKED,"Machine-assisted semantic review; authority requires registry acceptance. Candidate scores are evidence, not authority."
PROD-075,ACTIVE,Relación con V1,C5,ENG-170 | Interface structural shell and information hierarchy,0.1348,ENG-000 | Contrato entre V2 y V2.1,0.1318,ENG-068 | Dependency graph / no-parallelism mistakes,0.1301,ENG-031 | Clinical Intelligence Engine contracts,0.1295,"ENG-020 | Notes, legal snapshot and amendment",0.1067,REVIEW_REQUIRED,BLOCKED,"Machine-assisted semantic review; authority requires registry acceptance. Candidate scores are evidence, not authority."
PROD-076,ACTIVE,Declaración final de Product Freeze,C2,ENG-000 | Contrato entre V2 y V2.1,0.2097,ENG-076 | Clinical production gates,0.1009,ENG-095 | Final engineering freeze declaration,0.0977,ENG-093 | Change management after V2.1 freeze,0.0762,ENG-065 | Certification & Compliance Evidence Pack,0.0717,REVIEW_REQUIRED,BLOCKED,"Machine-assisted semantic review; authority requires registry acceptance. Candidate scores are evidence, not authority."
PROD-077,ACTIVE,Product Screen Atlas — catálogo de superficies,C2,ENG-019 | Clinical Decision Checkpoint,0.0533,ENG-025 | Result Inbox,0.0441,ENG-052 | Accessibility baseline,0.0416,ENG-000 | Contrato entre V2 y V2.1,0,ENG-001 | Resultado de los cinco ciclos de análisis,0,REVIEW_REQUIRED,BLOCKED,"Machine-assisted semantic review; authority requires registry acceptance. Candidate scores are evidence, not authority."
PROD-078,ACTIVE,Encounter micro-flow — interaction specification,C2,ENG-014 | Encounter Engine,0.2453,ENG-054 | Observability and SLO,0.1069,ENG-133 | V2.1.1 hyperscale engineering amendment — purpose and authority,0.0774,ENG-303 | Clinical Epistemology / Truth Model,0.069,ENG-112 | Browser and HTTP security baseline,0.0542,REVIEW_REQUIRED,BLOCKED,"Machine-assisted semantic review; authority requires registry acceptance. Candidate scores are evidence, not authority."
PROD-079,ACTIVE,Patient Header specification,C5,ENG-318 | Pediatric Clinical Context hardening,0.1404,ENG-348 | Formal architecture implementation priority matrix,0.1293,ENG-298 | Target architecture release admission,0.1247,ENG-021 | Medication OS,0.1228,ENG-079 | V2 → V2.1 traceability matrix,0.1177,REVIEW_REQUIRED,BLOCKED,"Machine-assisted semantic review; authority requires registry acceptance. Candidate scores are evidence, not authority."
PROD-080,ACTIVE,Timeline semantics,C2,ENG-231 | Semantic Clinical Timeline,0.3712,ENG-281 | Product-gap promotion registry,0.2101,ENG-158 | Data quality propagation,0.196,"ENG-119 | Load, backpressure and large-chart testing",0.1908,ENG-293 | 150-expert ownership extension,0.1691,APPROVED_WITH_SECONDARY_REVIEW,ELIGIBLE_FOR_REGISTRY,"Machine-assisted semantic review; authority requires registry acceptance. Candidate scores are evidence, not authority."
PROD-081,ACTIVE,Problem Space — disease-centered workflow,C5,ENG-229 | Clinical Delta Engine,0.1909,"ENG-018 | Assessment, hypotheses and Problem Lifecycle",0.1494,ENG-021 | Medication OS,0.1425,ENG-220 | Medication Intelligence Graph 2.0,0.1396,ENG-245 | Referral Intelligence 2.0,0.1339,REVIEW_REQUIRED,BLOCKED,"Machine-assisted semantic review; authority requires registry acceptance. Candidate scores are evidence, not authority."
PROD-082,ACTIVE,Medication reconciliation workflow,C5,ENG-021 | Medication OS,0.371,ENG-221 | Medication Change Impact Engine,0.357,ENG-163 | Clinical Obligation Graph and no-orphan reconciliation,0.333,ENG-245 | Referral Intelligence 2.0,0.3244,ENG-045 | Clinical Safety Management System,0.3146,APPROVED_WITH_SECONDARY_REVIEW,ELIGIBLE_FOR_REGISTRY,"Machine-assisted semantic review; authority requires registry acceptance. Candidate scores are evidence, not authority."
PROD-083,ACTIVE,Result severity and escalation model,C5,ENG-025 | Result Inbox,0.2014,ENG-217 | Expected Result Engine,0.1714,ENG-307 | Result Lifecycle 2.0,0.1316,ENG-310 | Formal verification escalation policy,0.1308,ENG-256 | Computable care-plan graph,0.1298,REVIEW_REQUIRED,BLOCKED,"Machine-assisted semantic review; authority requires registry acceptance. Candidate scores are evidence, not authority."
PROD-084,ACTIVE,Notification architecture — product behavior,C5,"ENG-037 | Patient Link, Portal and communications",0.1525,ENG-348 | Formal architecture implementation priority matrix,0.1431,ENG-012 | Patient State Engine,0.1259,ENG-107 | Webhooks and notification adapters,0.125,ENG-298 | Target architecture release admission,0.1226,REVIEW_REQUIRED,BLOCKED,"Machine-assisted semantic review; authority requires registry acceptance. Candidate scores are evidence, not authority."
PROD-085,ACTIVE,Patient-generated data,C5,ENG-085 | Migration from legacy/paper,0.2514,ENG-231 | Semantic Clinical Timeline,0.1297,ENG-158 | Data quality propagation,0.1045,ENG-303 | Clinical Epistemology / Truth Model,0.0955,"ENG-119 | Load, backpressure and large-chart testing",0.0893,REVIEW_REQUIRED,BLOCKED,"Machine-assisted semantic review; authority requires registry acceptance. Candidate scores are evidence, not authority."
PROD-086,ACTIVE,Consent Management,C2,ENG-093 | Change management after V2.1 freeze,0.1017,"ENG-037 | Patient Link, Portal and communications",0.0941,ENG-043 | Privacy Engineering,0.0913,ENG-045 | Clinical Safety Management System,0.0896,ENG-318 | Pediatric Clinical Context hardening,0.0881,REVIEW_REQUIRED,BLOCKED,"Machine-assisted semantic review; authority requires registry acceptance. Candidate scores are evidence, not authority."
PROD-087,ACTIVE,Telehealth encounter,C4,ENG-014 | Encounter Engine,0.1547,ENG-148 | Knowledge applicability and jurisdiction,0.1241,ENG-237 | Ambient Clinical Layer 2.0,0.1211,ENG-012 | Patient State Engine,0.1199,ENG-098 | Nanometric Expansion — frontend architecture,0.1156,REVIEW_REQUIRED,BLOCKED,"Machine-assisted semantic review; authority requires registry acceptance. Candidate scores are evidence, not authority."
PROD-088,ACTIVE,Emergency / high-acuity mode,C5,ENG-088 | Support and operations access,0.2744,ENG-348 | Formal architecture implementation priority matrix,0.1049,ENG-274 | Safe-mode physician experience,0.1008,ENG-180 | Global invariant catalog,0.0986,ENG-194 | Disaster recovery and safe mode,0.0981,REVIEW_REQUIRED,BLOCKED,"Machine-assisted semantic review; authority requires registry acceptance. Candidate scores are evidence, not authority."
PROD-089,ACTIVE,Pediatrics deep requirements,C5,ENG-318 | Pediatric Clinical Context hardening,0.2636,ENG-021 | Medication OS,0.2016,ENG-341 | Pediatric Dose Computation receipt,0.176,ENG-074 | Medication safety board gates,0.1615,ENG-089 | Incident response,0.1172,REVIEW_REQUIRED,BLOCKED,"Machine-assisted semantic review; authority requires registry acceptance. Candidate scores are evidence, not authority."
PROD-090,ACTIVE,Geriatrics deep requirements,C5,ENG-090 | Documentation architecture,0.2754,ENG-348 | Formal architecture implementation priority matrix,0.0895,ENG-180 | Global invariant catalog,0.0724,ENG-298 | Target architecture release admission,0.0678,ENG-291 | Golden target-architecture failure journeys,0.0669,REVIEW_REQUIRED,BLOCKED,"Machine-assisted semantic review; authority requires registry acceptance. Candidate scores are evidence, not authority."
PROD-091,ACTIVE,Pregnancy/reproductive context,C5,ENG-221 | Medication Change Impact Engine,0.1554,ENG-074 | Medication safety board gates,0.1395,ENG-148 | Knowledge applicability and jurisdiction,0.1214,ENG-134 | 150-expert equivalent engineering organization,0.1141,ENG-344 | Clinical Context invalidation,0.1117,REVIEW_REQUIRED,BLOCKED,"Machine-assisted semantic review; authority requires registry acceptance. Candidate scores are evidence, not authority."
PROD-092,ACTIVE,Mental health module boundaries,C5,ENG-092 | Product analytics without surveillance,0.2576,ENG-221 | Medication Change Impact Engine,0.1662,ENG-074 | Medication safety board gates,0.1508,ENG-021 | Medication OS,0.1346,ENG-220 | Medication Intelligence Graph 2.0,0.133,REVIEW_REQUIRED,BLOCKED,"Machine-assisted semantic review; authority requires registry acceptance. Candidate scores are evidence, not authority."
PROD-093,ACTIVE,Procedure workflow,C2,ENG-029 | Pathology OS,0.1441,ENG-201 | Supply-chain and release evidence,0.1228,ENG-049 | Durable workflow runtime,0.0883,ENG-100 | Application Service pattern,0.0631,ENG-254 | Clinical Simulation Mode,0.0591,REVIEW_REQUIRED,BLOCKED,"Machine-assisted semantic review; authority requires registry acceptance. Candidate scores are evidence, not authority."
PROD-094,ACTIVE,Referral network and external clinicians,C3,ENG-180 | Global invariant catalog,0.1515,ENG-245 | Referral Intelligence 2.0,0.1498,ENG-011 | Database conventions,0.1349,ENG-050 | Search architecture,0.1294,ENG-006 | Engineering invariants,0.1225,REVIEW_REQUIRED,BLOCKED,"Machine-assisted semantic review; authority requires registry acceptance. Candidate scores are evidence, not authority."
PROD-095,ACTIVE,Lab provider integration product contract,C2,ENG-110 | DICOM / DICOMweb engineering details,0.1381,ENG-283 | Target architecture executable-contract package,0.1333,ENG-167 | AI Task Fabric and Gateway,0.1304,ENG-288 | Target architecture event contract,0.1292,ENG-072 | Laboratory/QBP engineering board gates,0.113,REVIEW_REQUIRED,BLOCKED,"Machine-assisted semantic review; authority requires registry acceptance. Candidate scores are evidence, not authority."
PROD-096,ACTIVE,Imaging follow-up registry,C5,ENG-073 | Imaging engineering board gates,0.2824,ENG-028 | Imaging OS,0.2706,ENG-163 | Clinical Obligation Graph and no-orphan reconciliation,0.2621,ENG-290 | Golden target-architecture journeys,0.2585,ENG-268 | Knowledge Engine extensions for goals and care plans,0.2463,REVIEW_REQUIRED,BLOCKED,"Machine-assisted semantic review; authority requires registry acceptance. Candidate scores are evidence, not authority."
PROD-097,ACTIVE,Longitudinal laboratory comparison,C4,ENG-027 | Laboratory OS,0.1347,"ENG-162 | Result, correction and longitudinal baseline semantics",0.1201,ENG-072 | Laboratory/QBP engineering board gates,0.1047,ENG-016 | Vitals & Observation architecture,0.0814,"ENG-136 | Clinical quantity, unit algebra and exact decimal policy",0.0793,REVIEW_REQUIRED,BLOCKED,"Machine-assisted semantic review; authority requires registry acceptance. Candidate scores are evidence, not authority."
PROD-098,ACTIVE,Data quality & uncertainty model,C4,ENG-226 | Clinical Uncertainty object,0.4361,ENG-212 | Target architecture doctrine,0.3106,ENG-158 | Data quality propagation,0.2923,ENG-277 | Target architecture privacy expansion,0.2356,ENG-227 | Clinical Decision object and Decision Ledger,0.2239,APPROVED_PRIMARY,ELIGIBLE_FOR_REGISTRY,"Machine-assisted semantic review; authority requires registry acceptance. Candidate scores are evidence, not authority."
PROD-099,ACTIVE,Downtime and recovery user experience,C5,ENG-099 | Input validation and schema strategy,0.2884,"ENG-055 | Backup, DR and downtime mode",0.2134,ENG-311 | Global Clinical Reconciliation Engine,0.1306,ENG-348 | Formal architecture implementation priority matrix,0.1211,ENG-337 | Reconciliation ownership model,0.1208,REVIEW_REQUIRED,BLOCKED,"Machine-assisted semantic review; authority requires registry acceptance. Candidate scores are evidence, not authority."
PROD-100,ACTIVE,Migration from legacy EHR/paper,C5,ENG-085 | Migration from legacy/paper,0.2231,ENG-002 | Organización de desarrollo equivalente a >100 especialistas,0.1473,ENG-073 | Imaging engineering board gates,0.1285,ENG-348 | Formal architecture implementation priority matrix,0.1229,"ENG-187 | Storage, object integrity and reconciliation",0.1114,REVIEW_REQUIRED,BLOCKED,"Machine-assisted semantic review; authority requires registry acceptance. Candidate scores are evidence, not authority."
PROD-101,ACTIVE,Multi-facility / group practice,C4,ENG-101 | Concurrency and conflict resolution,0.2022,ENG-086 | Multi-facility and enterprise scaling,0.1392,ENG-011 | Database conventions,0.1131,ENG-188 | Hyperscale database and partitioning strategy,0.1127,ENG-288 | Target architecture event contract,0.1111,REVIEW_REQUIRED,BLOCKED,"Machine-assisted semantic review; authority requires registry acceptance. Candidate scores are evidence, not authority."
PROD-102,ACTIVE,Enterprise readiness without compromising small-practice UX,C2,ENG-086 | Multi-facility and enterprise scaling,0.2773,ENG-346 | Formal target architecture acceptance gate,0.0829,ENG-253 | Federated analytics readiness,0.0607,ENG-114 | ISO 27001 / SOC 2 readiness without false claims,0.0506,ENG-135 | Clinical semantic kernel,0.0479,REVIEW_REQUIRED,BLOCKED,"Machine-assisted semantic review; authority requires registry acceptance. Candidate scores are evidence, not authority."
PROD-103,ACTIVE,Clinical content lifecycle,C4,ENG-103 | Transactional Outbox schema,0.2395,ENG-030 | Clinical Knowledge Architecture,0.204,ENG-062 | Code review checklist,0.1335,ENG-149 | Knowledge release and behavioral diff,0.1298,ENG-348 | Formal architecture implementation priority matrix,0.1294,REVIEW_REQUIRED,BLOCKED,"Machine-assisted semantic review; authority requires registry acceptance. Candidate scores are evidence, not authority."
PROD-104,ACTIVE,Alert governance board,C4,ENG-046 | Human factors and alert governance,0.2924,ENG-104 | Private object storage implementation,0.1703,ENG-250 | Learning Health System firewall,0.1452,ENG-275 | Human-factors validation for target capabilities,0.1213,ENG-235 | Attention Budget Engine,0.1161,REVIEW_REQUIRED,BLOCKED,"Machine-assisted semantic review; authority requires registry acceptance. Candidate scores are evidence, not authority."
PROD-105,ACTIVE,AI task risk tiers,C5,ENG-035 | AI Risk Tiers and release gates,0.67,ENG-339 | AI Task Card schema,0.1396,ENG-321 | AI Task Card Registry,0.1287,ENG-167 | AI Task Fabric and Gateway,0.1207,ENG-197 | Change Impact Engine,0.0807,APPROVED_PRIMARY,ELIGIBLE_FOR_REGISTRY,"Machine-assisted semantic review; authority requires registry acceptance. Candidate scores are evidence, not authority."
PROD-106,ACTIVE,Clinical AI presentation rules,C4,ENG-106 | Search and indexing engine,0.2273,ENG-348 | Formal architecture implementation priority matrix,0.1021,ENG-096 | Official / primary references used in V2.1,0.0904,ENG-123 | AI prompt-injection and tool-use defense,0.0898,ENG-085 | Migration from legacy/paper,0.0785,REVIEW_REQUIRED,BLOCKED,"Machine-assisted semantic review; authority requires registry acceptance. Candidate scores are evidence, not authority."
PROD-107,ACTIVE,Specialty Pack governance,C2,ENG-071 | Specialty implementation strategy,0.2665,ENG-129 | Specialty Package technical extension points,0.2203,ENG-198 | Clinical Action Receipt and version vector,0.1483,ENG-222 | Hypothesis Workspace,0.1174,ENG-121 | Data governance and lineage,0.0997,REVIEW_REQUIRED,BLOCKED,"Machine-assisted semantic review; authority requires registry acceptance. Candidate scores are evidence, not authority."
PROD-108,ACTIVE,Product failure modes catalog,C2,ENG-331 | Complexity Budget / Feature Admission,0.1468,ENG-345 | Epistemic UI safety tests,0.1249,ENG-180 | Global invariant catalog,0.0875,ENG-185 | PHI egress and data minimization,0.0828,ENG-211 | Final V2.1.1 engineering constitution,0.0801,REVIEW_REQUIRED,BLOCKED,"Machine-assisted semantic review; authority requires registry acceptance. Candidate scores are evidence, not authority."
PROD-109,ACTIVE,Usability validation protocol — product requirement,C5,ENG-163 | Clinical Obligation Graph and no-orphan reconciliation,0.2596,ENG-045 | Clinical Safety Management System,0.2433,ENG-293 | 150-expert ownership extension,0.2081,ENG-290 | Golden target-architecture journeys,0.2069,ENG-207 | Stop-the-line conditions,0.2046,REVIEW_REQUIRED,BLOCKED,"Machine-assisted semantic review; authority requires registry acceptance. Candidate scores are evidence, not authority."
PROD-110,ACTIVE,Clinical validation protocol — product requirement,C5,ENG-031 | Clinical Intelligence Engine contracts,0.2429,ENG-110 | DICOM / DICOMweb engineering details,0.1954,ENG-170 | Interface structural shell and information hierarchy,0.1201,ENG-060 | Release train and feature flags,0.1182,ENG-246 | Message Intelligence,0.1054,REVIEW_REQUIRED,BLOCKED,"Machine-assisted semantic review; authority requires registry acceptance. Candidate scores are evidence, not authority."
PROD-111,ACTIVE,Mexico Certification Readiness — product evidence expectations,C4,ENG-114 | ISO 27001 / SOC 2 readiness without false claims,0.1298,ENG-111 | OpenTelemetry and security telemetry,0.126,ENG-133 | V2.1.1 hyperscale engineering amendment — purpose and authority,0.109,ENG-321 | AI Task Card Registry,0.0933,ENG-259 | New object information-state policy,0.0889,REVIEW_REQUIRED,BLOCKED,"Machine-assisted semantic review; authority requires registry acceptance. Candidate scores are evidence, not authority."
PROD-112,ACTIVE,Final V2 completeness checklist,C2,ENG-094 | Final nanometric audit — invariant checklist,0.4811,ENG-223 | Missing Evidence Engine,0.1279,ENG-270 | Knowledge Engine extensions for missing evidence,0.1096,ENG-186 | Audit ledger and completeness reconciliation,0.1047,ENG-062 | Code review checklist,0.1009,APPROVED_PRIMARY,ELIGIBLE_FOR_REGISTRY,"Machine-assisted semantic review; authority requires registry acceptance. Candidate scores are evidence, not authority."
PROD-113,ACTIVE,Final statement after fourth improvement cycle,C4,ENG-113 | Supply-chain security,0.1952,ENG-348 | Formal architecture implementation priority matrix,0.1179,ENG-012 | Patient State Engine,0.1127,ENG-132 | Final V2.1 declaration after massive + nanometric improvement,0.1096,ENG-332 | Executable Documentation Transition,0.108,REVIEW_REQUIRED,BLOCKED,"Machine-assisted semantic review; authority requires registry acceptance. Candidate scores are evidence, not authority."
PROD-114,ACTIVE,V2.0.1 product constitution extension,C4,ENG-299 | Architecture objective after this expansion,0.3384,ENG-226 | Clinical Uncertainty object,0.2059,ENG-212 | Target architecture doctrine,0.1522,ENG-012 | Patient State Engine,0.1328,ENG-280 | Target architecture migration strategy,0.1325,APPROVED_WITH_SECONDARY_REVIEW,ELIGIBLE_FOR_REGISTRY,"Machine-assisted semantic review; authority requires registry acceptance. Candidate scores are evidence, not authority."
PROD-115,ACTIVE,Three additional product promises,C4,ENG-324 | UI Truthfulness Contract,0.2898,ENG-226 | Clinical Uncertainty object,0.2547,ENG-259 | New object information-state policy,0.213,ENG-272 | Data Once / Compute Once / Source Once / Decision Once,0.2066,ENG-171 | Clinical information-state language,0.2056,REVIEW_REQUIRED,BLOCKED,"Machine-assisted semantic review; authority requires registry acceptance. Candidate scores are evidence, not authority."
PROD-116,ACTIVE,Patient Computable State 2.0,C5,ENG-213 | Patient Computable State 2.0,0.5315,ENG-241 | Patient Digital Twin clinical composition,0.3682,ENG-212 | Target architecture doctrine,0.2984,ENG-012 | Patient State Engine,0.2627,ENG-224 | Clinical Contradiction Engine,0.2623,APPROVED_PRIMARY,ELIGIBLE_FOR_REGISTRY,"Machine-assisted semantic review; authority requires registry acceptance. Candidate scores are evidence, not authority."
PROD-117,ACTIVE,Patient Digital Twin product boundary,C4,ENG-241 | Patient Digital Twin clinical composition,0.3455,ENG-117 | TypeScript coding standard,0.2299,ENG-213 | Patient Computable State 2.0,0.1704,ENG-328 | Digital Twin Clinic CI integration,0.1662,ENG-012 | Patient State Engine,0.1409,APPROVED_WITH_SECONDARY_REVIEW,ELIGIBLE_FOR_REGISTRY,"Machine-assisted semantic review; authority requires registry acceptance. Candidate scores are evidence, not authority."
PROD-118,ACTIVE,Clinical Intent,C5,ENG-290 | Golden target-architecture journeys,0.3251,ENG-163 | Clinical Obligation Graph and no-orphan reconciliation,0.2608,ENG-218 | Clinical Goal-to-Result closure model,0.2437,ENG-268 | Knowledge Engine extensions for goals and care plans,0.2348,ENG-214 | Clinical Intent as a first-class domain primitive,0.2272,APPROVED_WITH_SECONDARY_REVIEW,ELIGIBLE_FOR_REGISTRY,"Machine-assisted semantic review; authority requires registry acceptance. Candidate scores are evidence, not authority."
PROD-119,ACTIVE,Clinical Goal Engine,C4,ENG-215 | Clinical Goal Engine,0.2511,"ENG-119 | Load, backpressure and large-chart testing",0.1845,ENG-268 | Knowledge Engine extensions for goals and care plans,0.1391,ENG-214 | Clinical Intent as a first-class domain primitive,0.1016,ENG-311 | Global Clinical Reconciliation Engine,0.0933,REVIEW_REQUIRED,BLOCKED,"Machine-assisted semantic review; authority requires registry acceptance. Candidate scores are evidence, not authority."
PROD-120,ACTIVE,Clinical Plan Compiler,C5,ENG-216 | Clinical Plan Compiler,0.3959,ENG-163 | Clinical Obligation Graph and no-orphan reconciliation,0.309,ENG-290 | Golden target-architecture journeys,0.2924,ENG-268 | Knowledge Engine extensions for goals and care plans,0.2751,ENG-218 | Clinical Goal-to-Result closure model,0.2609,APPROVED_WITH_SECONDARY_REVIEW,ELIGIBLE_FOR_REGISTRY,"Machine-assisted semantic review; authority requires registry acceptance. Candidate scores are evidence, not authority."
PROD-121,ACTIVE,Expected Result Engine,C5,ENG-217 | Expected Result Engine,0.4069,ENG-264 | New object reconciliation policy,0.3347,ENG-163 | Clinical Obligation Graph and no-orphan reconciliation,0.3242,ENG-218 | Clinical Goal-to-Result closure model,0.315,ENG-290 | Golden target-architecture journeys,0.3097,APPROVED_WITH_SECONDARY_REVIEW,ELIGIBLE_FOR_REGISTRY,"Machine-assisted semantic review; authority requires registry acceptance. Candidate scores are evidence, not authority."
PROD-122,ACTIVE,Treatment Response Engine,C5,ENG-219 | Treatment Response Engine,0.4742,ENG-218 | Clinical Goal-to-Result closure model,0.3898,ENG-290 | Golden target-architecture journeys,0.3004,ENG-163 | Clinical Obligation Graph and no-orphan reconciliation,0.2547,"ENG-032 | Omission, Concordance and Trajectory",0.2418,APPROVED_PRIMARY,ELIGIBLE_FOR_REGISTRY,"Machine-assisted semantic review; authority requires registry acceptance. Candidate scores are evidence, not authority."
PROD-123,ACTIVE,Medication Intelligence Graph,C5,ENG-220 | Medication Intelligence Graph 2.0,0.4937,ENG-221 | Medication Change Impact Engine,0.3466,ENG-021 | Medication OS,0.2287,ENG-245 | Referral Intelligence 2.0,0.2074,ENG-274 | Safe-mode physician experience,0.1902,APPROVED_PRIMARY,ELIGIBLE_FOR_REGISTRY,"Machine-assisted semantic review; authority requires registry acceptance. Candidate scores are evidence, not authority."
PROD-124,ACTIVE,Hypothesis Workspace,C5,"ENG-018 | Assessment, hypotheses and Problem Lifecycle",0.2489,ENG-226 | Clinical Uncertainty object,0.2221,ENG-222 | Hypothesis Workspace,0.222,ENG-213 | Patient Computable State 2.0,0.1988,ENG-270 | Knowledge Engine extensions for missing evidence,0.1799,REVIEW_REQUIRED,BLOCKED,"Machine-assisted semantic review; authority requires registry acceptance. Candidate scores are evidence, not authority."
PROD-125,ACTIVE,Missing Evidence Engine,C5,ENG-223 | Missing Evidence Engine,0.3822,ENG-270 | Knowledge Engine extensions for missing evidence,0.2826,ENG-125 | Versioning strategy,0.2135,ENG-019 | Clinical Decision Checkpoint,0.1887,ENG-228 | Counterfactual / Value-of-Information boundary,0.1605,APPROVED_WITH_SECONDARY_REVIEW,ELIGIBLE_FOR_REGISTRY,"Machine-assisted semantic review; authority requires registry acceptance. Candidate scores are evidence, not authority."
PROD-126,ACTIVE,Clinical Contradiction Engine,C5,ENG-224 | Clinical Contradiction Engine,0.4734,ENG-229 | Clinical Delta Engine,0.2547,ENG-269 | Knowledge Engine extensions for contradictions,0.2538,ENG-213 | Patient Computable State 2.0,0.2536,ENG-245 | Referral Intelligence 2.0,0.2252,APPROVED_PRIMARY,ELIGIBLE_FOR_REGISTRY,"Machine-assisted semantic review; authority requires registry acceptance. Candidate scores are evidence, not authority."
PROD-127,ACTIVE,Clinical uncertainty as a product object,C5,ENG-226 | Clinical Uncertainty object,0.5047,ENG-212 | Target architecture doctrine,0.2526,ENG-213 | Patient Computable State 2.0,0.1822,ENG-127 | Abuse prevention and rate limiting,0.1713,ENG-281 | Product-gap promotion registry,0.1685,APPROVED_PRIMARY,ELIGIBLE_FOR_REGISTRY,"Machine-assisted semantic review; authority requires registry acceptance. Candidate scores are evidence, not authority."
PROD-128,ACTIVE,Clinical Decision Ledger,C4,ENG-227 | Clinical Decision object and Decision Ledger,0.4744,ENG-128 | UX coding laws,0.2107,ENG-226 | Clinical Uncertainty object,0.1763,ENG-212 | Target architecture doctrine,0.1467,ENG-277 | Target architecture privacy expansion,0.123,APPROVED_PRIMARY,ELIGIBLE_FOR_REGISTRY,"Machine-assisted semantic review; authority requires registry acceptance. Candidate scores are evidence, not authority."
PROD-129,ACTIVE,Clinical Delta / What Changed?,C5,ENG-229 | Clinical Delta Engine,0.5319,ENG-230 | What Changed? pre-visit contract,0.2376,ENG-224 | Clinical Contradiction Engine,0.2019,ENG-213 | Patient Computable State 2.0,0.1817,ENG-221 | Medication Change Impact Engine,0.1803,APPROVED_PRIMARY,ELIGIBLE_FOR_REGISTRY,"Machine-assisted semantic review; authority requires registry acceptance. Candidate scores are evidence, not authority."
PROD-130,ACTIVE,Semantic Clinical Timeline,C5,ENG-231 | Semantic Clinical Timeline,0.465,ENG-232 | Clinical Episode model,0.1784,ENG-224 | Clinical Contradiction Engine,0.1417,ENG-293 | 150-expert ownership extension,0.1247,ENG-221 | Medication Change Impact Engine,0.1227,APPROVED_PRIMARY,ELIGIBLE_FOR_REGISTRY,"Machine-assisted semantic review; authority requires registry acceptance. Candidate scores are evidence, not authority."
PROD-131,ACTIVE,Clinical Episodes,C5,ENG-232 | Clinical Episode model,0.3018,ENG-213 | Patient Computable State 2.0,0.1523,ENG-231 | Semantic Clinical Timeline,0.1468,ENG-348 | Formal architecture implementation priority matrix,0.0934,"ENG-023 | Orders, diagnostics and referrals",0.0917,APPROVED_WITH_SECONDARY_REVIEW,ELIGIBLE_FOR_REGISTRY,"Machine-assisted semantic review; authority requires registry acceptance. Candidate scores are evidence, not authority."
PROD-132,ACTIVE,Patient Preference and shared decision context,C4,ENG-233 | Patient Preference and Shared Decision model,0.3802,ENG-234 | Clinical Memory architecture,0.1431,ENG-227 | Clinical Decision object and Decision Ledger,0.1188,ENG-277 | Target architecture privacy expansion,0.0944,ENG-315 | Clinical Policy Engine separation,0.0906,APPROVED_WITH_SECONDARY_REVIEW,ELIGIBLE_FOR_REGISTRY,"Machine-assisted semantic review; authority requires registry acceptance. Candidate scores are evidence, not authority."
PROD-133,ACTIVE,Clinical Memory,C4,ENG-234 | Clinical Memory architecture,0.3275,ENG-233 | Patient Preference and Shared Decision model,0.1916,ENG-133 | V2.1.1 hyperscale engineering amendment — purpose and authority,0.161,ENG-158 | Data quality propagation,0.1326,ENG-324 | UI Truthfulness Contract,0.1304,APPROVED_WITH_SECONDARY_REVIEW,ELIGIBLE_FOR_REGISTRY,"Machine-assisted semantic review; authority requires registry acceptance. Candidate scores are evidence, not authority."
PROD-134,ACTIVE,Attention Budget Engine,C5,ENG-235 | Attention Budget Engine,0.3558,ENG-134 | 150-expert equivalent engineering organization,0.1895,ENG-238 | Ambient Missing Question Detection,0.1385,ENG-083 | Clinical Safety Case template,0.1106,ENG-348 | Formal architecture implementation priority matrix,0.1098,APPROVED_WITH_SECONDARY_REVIEW,ELIGIBLE_FOR_REGISTRY,"Machine-assisted semantic review; authority requires registry acceptance. Candidate scores are evidence, not authority."
PROD-135,ACTIVE,Clinical Cognitive Load objective,C4,ENG-236 | Cognitive Load Controller,0.2496,ENG-135 | Clinical semantic kernel,0.1438,ENG-348 | Formal architecture implementation priority matrix,0.1202,ENG-083 | Clinical Safety Case template,0.1091,ENG-249 | Clinical Quality Observatory,0.1083,REVIEW_REQUIRED,BLOCKED,"Machine-assisted semantic review; authority requires registry acceptance. Candidate scores are evidence, not authority."
PROD-136,ACTIVE,Ambient Clinical Layer 2.0,C4,ENG-237 | Ambient Clinical Layer 2.0,0.4329,"ENG-136 | Clinical quantity, unit algebra and exact decimal policy",0.162,ENG-238 | Ambient Missing Question Detection,0.1456,"ENG-187 | Storage, object integrity and reconciliation",0.1289,ENG-270 | Knowledge Engine extensions for missing evidence,0.1088,APPROVED_PRIMARY,ELIGIBLE_FOR_REGISTRY,"Machine-assisted semantic review; authority requires registry acceptance. Candidate scores are evidence, not authority."
PROD-137,ACTIVE,Ambient Missing Question Detection,C4,ENG-238 | Ambient Missing Question Detection,0.3804,ENG-137 | Computation authority constitution,0.2211,ENG-237 | Ambient Clinical Layer 2.0,0.1557,ENG-270 | Knowledge Engine extensions for missing evidence,0.1257,ENG-148 | Knowledge applicability and jurisdiction,0.1247,APPROVED_WITH_SECONDARY_REVIEW,ELIGIBLE_FOR_REGISTRY,"Machine-assisted semantic review; authority requires registry acceptance. Candidate scores are evidence, not authority."
PROD-138,ACTIVE,Evidence at the point of decision,C4,ENG-343 | Knowledge/Policy conflict representation,0.2681,ENG-315 | Clinical Policy Engine separation,0.2513,ENG-239 | Evidence-at-the-point-of-decision,0.2127,ENG-138 | Algorithm Platform — separation of planes,0.1975,ENG-146 | Evidence propositions and typed Knowledge IR,0.1172,REVIEW_REQUIRED,BLOCKED,"Machine-assisted semantic review; authority requires registry acceptance. Candidate scores are evidence, not authority."
PROD-139,ACTIVE,Explain Why / Why is this here?,C3,ENG-326 | Why Is This Here? universal explanation contract,0.3679,ENG-240 | Explain Why contract,0.2861,ENG-139 | Algorithm manifest and reproducibility,0.2054,ENG-348 | Formal architecture implementation priority matrix,0.1368,ENG-264 | New object reconciliation policy,0.1349,APPROVED_WITH_SECONDARY_REVIEW,ELIGIBLE_FOR_REGISTRY,"Machine-assisted semantic review; authority requires registry acceptance. Candidate scores are evidence, not authority."
PROD-140,ACTIVE,Clinical Truthfulness experience,C5,ENG-324 | UI Truthfulness Contract,0.449,ENG-340 | UI Semantic Status tokens,0.2275,ENG-304 | Fact–Derived Fact–Inference–Recommendation–Decision separation,0.1952,ENG-140 | Algorithm Factory,0.1652,ENG-307 | Result Lifecycle 2.0,0.1614,APPROVED_PRIMARY,ELIGIBLE_FOR_REGISTRY,"Machine-assisted semantic review; authority requires registry acceptance. Candidate scores are evidence, not authority."
PROD-141,ACTIVE,Clinical epistemology product rule,C5,ENG-303 | Clinical Epistemology / Truth Model,0.3301,ENG-141 | Algorithm verification strategy,0.2036,ENG-304 | Fact–Derived Fact–Inference–Recommendation–Decision separation,0.1561,ENG-345 | Epistemic UI safety tests,0.1254,"ENG-018 | Assessment, hypotheses and Problem Lifecycle",0.121,APPROVED_WITH_SECONDARY_REVIEW,ELIGIBLE_FOR_REGISTRY,"Machine-assisted semantic review; authority requires registry acceptance. Candidate scores are evidence, not authority."
PROD-142,ACTIVE,Clinical relationship and causality truthfulness,C4,ENG-271 | Longitudinal causality guardrail,0.3591,ENG-305 | Clinical relationship semantics and causal guardrails,0.2758,ENG-142 | Typed algorithm outcomes,0.201,ENG-251 | Outcome Intelligence boundary,0.1193,ENG-324 | UI Truthfulness Contract,0.1185,APPROVED_WITH_SECONDARY_REVIEW,ELIGIBLE_FOR_REGISTRY,"Machine-assisted semantic review; authority requires registry acceptance. Candidate scores are evidence, not authority."
PROD-143,ACTIVE,Closed-loop clinical state,C5,ENG-307 | Result Lifecycle 2.0,0.3253,ENG-306 | State Machine Constitution,0.2896,ENG-245 | Referral Intelligence 2.0,0.2752,ENG-012 | Patient State Engine,0.2605,ENG-143 | Derived-fact lineage and invalidation,0.2533,APPROVED_WITH_SECONDARY_REVIEW,ELIGIBLE_FOR_REGISTRY,"Machine-assisted semantic review; authority requires registry acceptance. Candidate scores are evidence, not authority."
PROD-144,ACTIVE,Zero Lost Follow-Up as product invariant,C5,ENG-308 | Zero Lost Follow-Up formal invariant,0.5087,ENG-163 | Clinical Obligation Graph and no-orphan reconciliation,0.2745,ENG-290 | Golden target-architecture journeys,0.2456,ENG-268 | Knowledge Engine extensions for goals and care plans,0.2286,"ENG-032 | Omission, Concordance and Trajectory",0.2118,APPROVED_PRIMARY,ELIGIBLE_FOR_REGISTRY,"Machine-assisted semantic review; authority requires registry acceptance. Candidate scores are evidence, not authority."
PROD-145,ACTIVE,Clinical Reconciliation experience,C5,ENG-311 | Global Clinical Reconciliation Engine,0.3157,ENG-337 | Reconciliation ownership model,0.2487,ENG-264 | New object reconciliation policy,0.2174,ENG-163 | Clinical Obligation Graph and no-orphan reconciliation,0.208,ENG-308 | Zero Lost Follow-Up formal invariant,0.2072,APPROVED_WITH_SECONDARY_REVIEW,ELIGIBLE_FOR_REGISTRY,"Machine-assisted semantic review; authority requires registry acceptance. Candidate scores are evidence, not authority."
PROD-146,ACTIVE,Historical Clinical Replay,C4,ENG-312 | Clinical Replay,0.3056,ENG-139 | Algorithm manifest and reproducibility,0.2031,ENG-146 | Evidence propositions and typed Knowledge IR,0.1903,ENG-314 | Action-Level Clinical BOM,0.189,ENG-198 | Clinical Action Receipt and version vector,0.1852,APPROVED_WITH_SECONDARY_REVIEW,ELIGIBLE_FOR_REGISTRY,"Machine-assisted semantic review; authority requires registry acceptance. Candidate scores are evidence, not authority."
PROD-147,ACTIVE,Patient Impact Analysis,C5,ENG-313 | Patient Impact Query,0.3621,ENG-207 | Stop-the-line conditions,0.2465,ENG-045 | Clinical Safety Management System,0.224,ENG-268 | Knowledge Engine extensions for goals and care plans,0.2165,ENG-163 | Clinical Obligation Graph and no-orphan reconciliation,0.2105,APPROVED_WITH_SECONDARY_REVIEW,ELIGIBLE_FOR_REGISTRY,"Machine-assisted semantic review; authority requires registry acceptance. Candidate scores are evidence, not authority."
PROD-148,ACTIVE,Clinical Data Trust dimensions,C4,ENG-317 | Clinical Data Trust Dimensions,0.4612,ENG-148 | Knowledge applicability and jurisdiction,0.1808,ENG-158 | Data quality propagation,0.148,ENG-303 | Clinical Epistemology / Truth Model,0.1384,ENG-225 | Concordance and discrepancy graph,0.1305,APPROVED_PRIMARY,ELIGIBLE_FOR_REGISTRY,"Machine-assisted semantic review; authority requires registry acceptance. Candidate scores are evidence, not authority."
PROD-149,ACTIVE,Life-stage and clinical-context applicability,C5,ENG-148 | Knowledge applicability and jurisdiction,0.2275,ENG-071 | Specialty implementation strategy,0.2081,ENG-319 | Context Applicability Framework,0.1945,ENG-344 | Clinical Context invalidation,0.1895,ENG-221 | Medication Change Impact Engine,0.1871,REVIEW_REQUIRED,BLOCKED,"Machine-assisted semantic review; authority requires registry acceptance. Candidate scores are evidence, not authority."
PROD-150,ACTIVE,Pediatric safety experience,C5,ENG-318 | Pediatric Clinical Context hardening,0.4303,ENG-341 | Pediatric Dose Computation receipt,0.3775,ENG-021 | Medication OS,0.2994,ENG-074 | Medication safety board gates,0.2448,ENG-071 | Specialty implementation strategy,0.1784,APPROVED_WITH_SECONDARY_REVIEW,ELIGIBLE_FOR_REGISTRY,"Machine-assisted semantic review; authority requires registry acceptance. Candidate scores are evidence, not authority."
PROD-151,ACTIVE,Safety Envelope product behavior,C4,ENG-320 | Safety Envelope Contract,0.3462,ENG-151 | Terminology infrastructure,0.1904,ENG-338 | Clinical Computation Safety Envelope schema,0.1668,ENG-348 | Formal architecture implementation priority matrix,0.1566,ENG-306 | State Machine Constitution,0.1517,APPROVED_WITH_SECONDARY_REVIEW,ELIGIBLE_FOR_REGISTRY,"Machine-assisted semantic review; authority requires registry acceptance. Candidate scores are evidence, not authority."
PROD-152,ACTIVE,AI Task-based product model,C5,ENG-152 | Sparse temporal Patient Clinical Graph,0.2672,ENG-348 | Formal architecture implementation priority matrix,0.1754,ENG-336 | Replay and Impact service boundary,0.1642,ENG-313 | Patient Impact Query,0.1468,ENG-197 | Change Impact Engine,0.14,REVIEW_REQUIRED,BLOCKED,"Machine-assisted semantic review; authority requires registry acceptance. Candidate scores are evidence, not authority."
PROD-153,ACTIVE,AI Evidence Coverage,C4,ENG-322 | AI Evidence Coverage,0.4364,ENG-153 | Dependency DAG and incremental computation,0.1922,"ENG-168 | AI evidence, context and prompt-injection controls",0.1425,ENG-348 | Formal architecture implementation priority matrix,0.1344,ENG-036 | AI evaluation framework,0.1301,APPROVED_PRIMARY,ELIGIBLE_FOR_REGISTRY,"Machine-assisted semantic review; authority requires registry acceptance. Candidate scores are evidence, not authority."
PROD-154,ACTIVE,Patient Action Plan / Patient OS 2.0,C5,ENG-290 | Golden target-architecture journeys,0.2867,ENG-242 | Patient Action Plan / Patient OS 2.0,0.2743,ENG-163 | Clinical Obligation Graph and no-orphan reconciliation,0.269,ENG-268 | Knowledge Engine extensions for goals and care plans,0.2506,ENG-308 | Zero Lost Follow-Up formal invariant,0.2221,REVIEW_REQUIRED,BLOCKED,"Machine-assisted semantic review; authority requires registry acceptance. Candidate scores are evidence, not authority."
PROD-155,ACTIVE,Patient comprehension and barrier loop,C4,ENG-243 | Patient Comprehension and Barrier Loop,0.5325,ENG-155 | Consistency classes,0.2152,ENG-290 | Golden target-architecture journeys,0.1513,ENG-226 | Clinical Uncertainty object,0.1414,ENG-242 | Patient Action Plan / Patient OS 2.0,0.1283,APPROVED_PRIMARY,ELIGIBLE_FOR_REGISTRY,"Machine-assisted semantic review; authority requires registry acceptance. Candidate scores are evidence, not authority."
PROD-156,ACTIVE,Care Team Operating System,C5,ENG-244 | Care Team Operating System,0.2821,ENG-156 | Temporal and bitemporal semantics,0.1847,ENG-097 | Final instruction to the V2.1 implementation team,0.0948,ENG-348 | Formal architecture implementation priority matrix,0.0939,ENG-025 | Result Inbox,0.09,REVIEW_REQUIRED,BLOCKED,"Machine-assisted semantic review; authority requires registry acceptance. Candidate scores are evidence, not authority."
PROD-157,ACTIVE,Referral Intelligence 2.0,C5,ENG-245 | Referral Intelligence 2.0,0.6295,ENG-247 | Operational Intelligence,0.1943,ENG-157 | Data contract registry and schema evolution,0.1933,ENG-031 | Clinical Intelligence Engine contracts,0.186,ENG-163 | Clinical Obligation Graph and no-orphan reconciliation,0.1728,APPROVED_PRIMARY,ELIGIBLE_FOR_REGISTRY,"Machine-assisted semantic review; authority requires registry acceptance. Candidate scores are evidence, not authority."
PROD-158,ACTIVE,Message Intelligence,C5,ENG-246 | Message Intelligence,0.2957,ENG-290 | Golden target-architecture journeys,0.2596,ENG-268 | Knowledge Engine extensions for goals and care plans,0.2545,ENG-163 | Clinical Obligation Graph and no-orphan reconciliation,0.2513,ENG-308 | Zero Lost Follow-Up formal invariant,0.2461,REVIEW_REQUIRED,BLOCKED,"Machine-assisted semantic review; authority requires registry acceptance. Candidate scores are evidence, not authority."
PROD-159,ACTIVE,Operational Intelligence,C5,ENG-247 | Operational Intelligence,0.4272,ENG-163 | Clinical Obligation Graph and no-orphan reconciliation,0.2748,ENG-216 | Clinical Plan Compiler,0.2567,ENG-159 | Patient identity and merge safety at scale,0.2501,ENG-218 | Clinical Goal-to-Result closure model,0.2391,APPROVED_PRIMARY,ELIGIBLE_FOR_REGISTRY,"Machine-assisted semantic review; authority requires registry acceptance. Candidate scores are evidence, not authority."
PROD-160,ACTIVE,Autonomous Administrative Plane,C5,ENG-248 | Autonomous Administrative Plane,0.6651,ENG-160 | Search and wrong-patient defense,0.2567,ENG-169 | AI authority and evaluation,0.137,ENG-177 | Digital Twin Clinic,0.106,ENG-203 | Risk classes and maturity,0.1017,APPROVED_PRIMARY,ELIGIBLE_FOR_REGISTRY,"Machine-assisted semantic review; authority requires registry acceptance. Candidate scores are evidence, not authority."
PROD-161,ACTIVE,Clinical Quality Observatory,C5,ENG-249 | Clinical Quality Observatory,0.6043,ENG-161 | Patient State projection contract,0.1914,ENG-163 | Clinical Obligation Graph and no-orphan reconciliation,0.1497,ENG-033 | Care Gap and Chronic Disease Spaces,0.1358,ENG-290 | Golden target-architecture journeys,0.1186,APPROVED_PRIMARY,ELIGIBLE_FOR_REGISTRY,"Machine-assisted semantic review; authority requires registry acceptance. Candidate scores are evidence, not authority."
PROD-162,ACTIVE,Learning Health System governance,C4,ENG-250 | Learning Health System firewall,0.2755,"ENG-162 | Result, correction and longitudinal baseline semantics",0.196,ENG-254 | Clinical Simulation Mode,0.124,ENG-249 | Clinical Quality Observatory,0.1161,ENG-348 | Formal architecture implementation priority matrix,0.1039,REVIEW_REQUIRED,BLOCKED,"Machine-assisted semantic review; authority requires registry acceptance. Candidate scores are evidence, not authority."
PROD-163,ACTIVE,Outcome Intelligence boundary,C4,ENG-251 | Outcome Intelligence boundary,0.4745,ENG-031 | Clinical Intelligence Engine contracts,0.1978,ENG-163 | Clinical Obligation Graph and no-orphan reconciliation,0.1853,ENG-348 | Formal architecture implementation priority matrix,0.1171,ENG-228 | Counterfactual / Value-of-Information boundary,0.1114,APPROVED_PRIMARY,ELIGIBLE_FOR_REGISTRY,"Machine-assisted semantic review; authority requires registry acceptance. Candidate scores are evidence, not authority."
PROD-165,ACTIVE,Clinical Simulation Mode,C4,ENG-254 | Clinical Simulation Mode,0.4242,ENG-165 | Concurrency and signed-record immutability,0.2242,ENG-149 | Knowledge release and behavioral diff,0.16,ENG-298 | Target architecture release admission,0.125,ENG-313 | Patient Impact Query,0.1239,APPROVED_PRIMARY,ELIGIBLE_FOR_REGISTRY,"Machine-assisted semantic review; authority requires registry acceptance. Candidate scores are evidence, not authority."
PROD-167,ACTIVE,Semantic interoperability product rule,C4,ENG-316 | Semantic Interoperability Firewall,0.3927,ENG-039 | Interoperability architecture,0.2264,ENG-167 | AI Task Fabric and Gateway,0.1993,ENG-185 | PHI egress and data minimization,0.1782,ENG-134 | 150-expert equivalent engineering organization,0.1426,APPROVED_WITH_SECONDARY_REVIEW,ELIGIBLE_FOR_REGISTRY,"Machine-assisted semantic review; authority requires registry acceptance. Candidate scores are evidence, not authority."
PROD-168,ACTIVE,Clinical Density and progressive disclosure,C5,ENG-327 | Clinical Density Profiles,0.3985,ENG-325 | Clinical Progressive Disclosure,0.2684,"ENG-168 | AI evidence, context and prompt-injection controls",0.2121,ENG-348 | Formal architecture implementation priority matrix,0.1246,ENG-158 | Data quality propagation,0.1127,APPROVED_WITH_SECONDARY_REVIEW,ELIGIBLE_FOR_REGISTRY,"Machine-assisted semantic review; authority requires registry acceptance. Candidate scores are evidence, not authority."
PROD-169,ACTIVE,Clinical Safety Red Team product governance,C5,ENG-330 | Clinical Safety Red Team,0.4791,ENG-169 | AI authority and evaluation,0.3007,ENG-045 | Clinical Safety Management System,0.2141,ENG-204 | Synthetic validation versus real clinical validation,0.1829,ENG-025 | Result Inbox,0.1769,APPROVED_PRIMARY,ELIGIBLE_FOR_REGISTRY,"Machine-assisted semantic review; authority requires registry acceptance. Candidate scores are evidence, not authority."
PROD-170,ACTIVE,Complexity Budget product law,C4,ENG-331 | Complexity Budget / Feature Admission,0.5787,ENG-170 | Interface structural shell and information hierarchy,0.179,ENG-348 | Formal architecture implementation priority matrix,0.1077,ENG-211 | Final V2.1.1 engineering constitution,0.1061,ENG-083 | Clinical Safety Case template,0.1051,APPROVED_PRIMARY,ELIGIBLE_FOR_REGISTRY,"Machine-assisted semantic review; authority requires registry acceptance. Candidate scores are evidence, not authority."
PROD-171,ACTIVE,V2.0.1 acceptance scenarios,C5,ENG-290 | Golden target-architecture journeys,0.3214,ENG-218 | Clinical Goal-to-Result closure model,0.3133,ENG-264 | New object reconciliation policy,0.2914,ENG-163 | Clinical Obligation Graph and no-orphan reconciliation,0.2706,"ENG-032 | Omission, Concordance and Trajectory",0.2687,APPROVED_WITH_SECONDARY_REVIEW,ELIGIBLE_FOR_REGISTRY,"Machine-assisted semantic review; authority requires registry acceptance. Candidate scores are evidence, not authority."
PROD-172,ACTIVE,V2.0.1 prohibited product behavior,C5,ENG-172 | Nanostructural UI contracts,0.2492,ENG-298 | Target architecture release admission,0.1556,ENG-348 | Formal architecture implementation priority matrix,0.1467,ENG-270 | Knowledge Engine extensions for missing evidence,0.1458,ENG-271 | Longitudinal causality guardrail,0.1324,REVIEW_REQUIRED,BLOCKED,"Machine-assisted semantic review; authority requires registry acceptance. Candidate scores are evidence, not authority."
PROD-173,ACTIVE,V2.0.1 product success measures,C5,ENG-290 | Golden target-architecture journeys,0.2992,"ENG-032 | Omission, Concordance and Trajectory",0.2469,ENG-308 | Zero Lost Follow-Up formal invariant,0.2128,"ENG-173 | Button, link and form-field contracts",0.2105,ENG-163 | Clinical Obligation Graph and no-orphan reconciliation,0.2073,REVIEW_REQUIRED,BLOCKED,"Machine-assisted semantic review; authority requires registry acceptance. Candidate scores are evidence, not authority."
PROD-174,ACTIVE,V2.0.1 relationship to V2.1.1,C5,ENG-348 | Formal architecture implementation priority matrix,0.2206,ENG-174 | Patient-switch global invariant,0.2053,ENG-133 | V2.1.1 hyperscale engineering amendment — purpose and authority,0.1984,ENG-211 | Final V2.1.1 engineering constitution,0.1882,ENG-312 | Clinical Replay,0.1636,REVIEW_REQUIRED,BLOCKED,"Machine-assisted semantic review; authority requires registry acceptance. Candidate scores are evidence, not authority."
PROD-175,ACTIVE,V2.0.1 product freeze gate,C4,ENG-095 | Final engineering freeze declaration,0.2122,ENG-175 | Human factors and interruption recovery,0.2022,ENG-348 | Formal architecture implementation priority matrix,0.1947,ENG-210 | V2.1.1 release and freeze rule,0.1211,ENG-332 | Executable Documentation Transition,0.1168,REVIEW_REQUIRED,BLOCKED,"Machine-assisted semantic review; authority requires registry acceptance. Candidate scores are evidence, not authority."
PROD-176,ACTIVE,V2.0.1 freeze marker,C4,ENG-347 | V2.1.1 Formal Clinical Architecture freeze marker,0.3238,ENG-300 | V2.1.1 target-architecture freeze marker,0.2659,ENG-210 | V2.1.1 release and freeze rule,0.1808,"ENG-176 | 2,000-physician synthetic validation program",0.1631,ENG-332 | Executable Documentation Transition,0.1339,APPROVED_WITH_SECONDARY_REVIEW,ELIGIBLE_FOR_REGISTRY,"Machine-assisted semantic review; authority requires registry acceptance. Candidate scores are evidence, not authority."
PROD-177,ACTIVE,V2.0.1 product capability promotion matrix,C5,ENG-348 | Formal architecture implementation priority matrix,0.5703,ENG-211 | Final V2.1.1 engineering constitution,0.227,ENG-308 | Zero Lost Follow-Up formal invariant,0.1837,ENG-210 | V2.1.1 release and freeze rule,0.1817,ENG-281 | Product-gap promotion registry,0.1799,APPROVED_PRIMARY,ELIGIBLE_FOR_REGISTRY,"Machine-assisted semantic review; authority requires registry acceptance. Candidate scores are evidence, not authority."
