SM,ENG,Risk,Status,Subject,State Law,Invalid Transition,Reconciliation,Next
SM-0001,ENG-000,C3,DRAFT,Contrato entre V2 y V2.1,Finite explicit states required; terminal success cannot be inferred.,Illegal transition => reject explicitly.,Critical async path => accountable reconciliation + recovery.,PENDING exact state/transition enumeration
SM-0002,ENG-003,C4,DRAFT,Operating Model: de idea a producción,Finite explicit states required; terminal success cannot be inferred.,Illegal transition => reject explicitly.,Critical async path => accountable reconciliation + recovery.,PENDING exact state/transition enumeration
SM-0003,ENG-006,C5,DRAFT,Engineering invariants,Finite explicit states required; terminal success cannot be inferred.,Illegal transition => reject explicitly.,Critical async path => accountable reconciliation + recovery.,PENDING exact state/transition enumeration
SM-0004,ENG-011,C4,DRAFT,Database conventions,Finite explicit states required; terminal success cannot be inferred.,Illegal transition => reject explicitly.,Critical async path => accountable reconciliation + recovery.,PENDING exact state/transition enumeration
SM-0005,ENG-015,C4,DRAFT,Adaptive Clinical History,Finite explicit states required; terminal success cannot be inferred.,Illegal transition => reject explicitly.,Critical async path => accountable reconciliation + recovery.,PENDING exact state/transition enumeration
SM-0006,ENG-017,C4,DRAFT,Physical Examination OS,Finite explicit states required; terminal success cannot be inferred.,Illegal transition => reject explicitly.,Critical async path => accountable reconciliation + recovery.,PENDING exact state/transition enumeration
SM-0007,ENG-018,C5,DRAFT,"Assessment, hypotheses and Problem Lifecycle",Finite explicit states required; terminal success cannot be inferred.,Illegal transition => reject explicitly.,Critical async path => accountable reconciliation + recovery.,PENDING exact state/transition enumeration
SM-0008,ENG-019,C5,DRAFT,Clinical Decision Checkpoint,Finite explicit states required; terminal success cannot be inferred.,Illegal transition => reject explicitly.,Critical async path => accountable reconciliation + recovery.,PENDING exact state/transition enumeration
SM-0009,ENG-021,C5,DRAFT,Medication OS,Finite explicit states required; terminal success cannot be inferred.,Illegal transition => reject explicitly.,Critical async path => accountable reconciliation + recovery.,PENDING exact state/transition enumeration
SM-0010,ENG-022,C3,DRAFT,Prescription Studio,Finite explicit states required; terminal success cannot be inferred.,Illegal transition => reject explicitly.,Critical async path => accountable reconciliation + recovery.,PENDING exact state/transition enumeration
SM-0011,ENG-023,C5,DRAFT,"Orders, diagnostics and referrals",Finite explicit states required; terminal success cannot be inferred.,Illegal transition => reject explicitly.,Critical async path => accountable reconciliation + recovery.,PENDING exact state/transition enumeration
SM-0012,ENG-024,C5,DRAFT,Clinical Obligation Engine,Finite explicit states required; terminal success cannot be inferred.,Illegal transition => reject explicitly.,Critical async path => accountable reconciliation + recovery.,PENDING exact state/transition enumeration
SM-0013,ENG-025,C5,DRAFT,Result Inbox,Finite explicit states required; terminal success cannot be inferred.,Illegal transition => reject explicitly.,Critical async path => accountable reconciliation + recovery.,PENDING exact state/transition enumeration
SM-0014,ENG-027,C5,DRAFT,Laboratory OS,Finite explicit states required; terminal success cannot be inferred.,Illegal transition => reject explicitly.,Critical async path => accountable reconciliation + recovery.,PENDING exact state/transition enumeration
SM-0015,ENG-028,C5,DRAFT,Imaging OS,Finite explicit states required; terminal success cannot be inferred.,Illegal transition => reject explicitly.,Critical async path => accountable reconciliation + recovery.,PENDING exact state/transition enumeration
SM-0016,ENG-029,C5,DRAFT,Pathology OS,Finite explicit states required; terminal success cannot be inferred.,Illegal transition => reject explicitly.,Critical async path => accountable reconciliation + recovery.,PENDING exact state/transition enumeration
SM-0017,ENG-030,C4,DRAFT,Clinical Knowledge Architecture,Finite explicit states required; terminal success cannot be inferred.,Illegal transition => reject explicitly.,Critical async path => accountable reconciliation + recovery.,PENDING exact state/transition enumeration
SM-0018,ENG-032,C5,DRAFT,"Omission, Concordance and Trajectory",Finite explicit states required; terminal success cannot be inferred.,Illegal transition => reject explicitly.,Critical async path => accountable reconciliation + recovery.,PENDING exact state/transition enumeration
SM-0019,ENG-033,C5,DRAFT,Care Gap and Chronic Disease Spaces,Finite explicit states required; terminal success cannot be inferred.,Illegal transition => reject explicitly.,Critical async path => accountable reconciliation + recovery.,PENDING exact state/transition enumeration
SM-0020,ENG-036,C4,DRAFT,AI evaluation framework,Finite explicit states required; terminal success cannot be inferred.,Illegal transition => reject explicitly.,Critical async path => accountable reconciliation + recovery.,PENDING exact state/transition enumeration
SM-0021,ENG-037,C5,DRAFT,"Patient Link, Portal and communications",Finite explicit states required; terminal success cannot be inferred.,Illegal transition => reject explicitly.,Critical async path => accountable reconciliation + recovery.,PENDING exact state/transition enumeration
SM-0022,ENG-039,C5,DRAFT,Interoperability architecture,Finite explicit states required; terminal success cannot be inferred.,Illegal transition => reject explicitly.,Critical async path => accountable reconciliation + recovery.,PENDING exact state/transition enumeration
SM-0023,ENG-041,C3,DRAFT,Country Packs,Finite explicit states required; terminal success cannot be inferred.,Illegal transition => reject explicitly.,Critical async path => accountable reconciliation + recovery.,PENDING exact state/transition enumeration
SM-0024,ENG-042,C4,DRAFT,Security Architecture,Finite explicit states required; terminal success cannot be inferred.,Illegal transition => reject explicitly.,Critical async path => accountable reconciliation + recovery.,PENDING exact state/transition enumeration
SM-0025,ENG-044,C4,DRAFT,México Compliance-as-Code baseline,Finite explicit states required; terminal success cannot be inferred.,Illegal transition => reject explicitly.,Critical async path => accountable reconciliation + recovery.,PENDING exact state/transition enumeration
SM-0026,ENG-045,C5,DRAFT,Clinical Safety Management System,Finite explicit states required; terminal success cannot be inferred.,Illegal transition => reject explicitly.,Critical async path => accountable reconciliation + recovery.,PENDING exact state/transition enumeration
SM-0027,ENG-047,C4,DRAFT,API architecture,Finite explicit states required; terminal success cannot be inferred.,Illegal transition => reject explicitly.,Critical async path => accountable reconciliation + recovery.,PENDING exact state/transition enumeration
SM-0028,ENG-049,C5,DRAFT,Durable workflow runtime,Finite explicit states required; terminal success cannot be inferred.,Illegal transition => reject explicitly.,Critical async path => accountable reconciliation + recovery.,PENDING exact state/transition enumeration
SM-0029,ENG-051,C5,DRAFT,Design System implementation,Finite explicit states required; terminal success cannot be inferred.,Illegal transition => reject explicitly.,Critical async path => accountable reconciliation + recovery.,PENDING exact state/transition enumeration
SM-0030,ENG-055,C5,DRAFT,"Backup, DR and downtime mode",Finite explicit states required; terminal success cannot be inferred.,Illegal transition => reject explicitly.,Critical async path => accountable reconciliation + recovery.,PENDING exact state/transition enumeration
SM-0031,ENG-059,C4,DRAFT,Database migration policy,Finite explicit states required; terminal success cannot be inferred.,Illegal transition => reject explicitly.,Critical async path => accountable reconciliation + recovery.,PENDING exact state/transition enumeration
SM-0032,ENG-060,C4,DRAFT,Release train and feature flags,Finite explicit states required; terminal success cannot be inferred.,Illegal transition => reject explicitly.,Critical async path => accountable reconciliation + recovery.,PENDING exact state/transition enumeration
SM-0033,ENG-062,C5,DRAFT,Code review checklist,Finite explicit states required; terminal success cannot be inferred.,Illegal transition => reject explicitly.,Critical async path => accountable reconciliation + recovery.,PENDING exact state/transition enumeration
SM-0034,ENG-064,C4,DRAFT,Definition of Done — universal,Finite explicit states required; terminal success cannot be inferred.,Illegal transition => reject explicitly.,Critical async path => accountable reconciliation + recovery.,PENDING exact state/transition enumeration
SM-0035,ENG-065,C4,DRAFT,Certification & Compliance Evidence Pack,Finite explicit states required; terminal success cannot be inferred.,Illegal transition => reject explicitly.,Critical async path => accountable reconciliation + recovery.,PENDING exact state/transition enumeration
SM-0036,ENG-068,C5,DRAFT,Dependency graph / no-parallelism mistakes,Finite explicit states required; terminal success cannot be inferred.,Illegal transition => reject explicitly.,Critical async path => accountable reconciliation + recovery.,PENDING exact state/transition enumeration
SM-0037,ENG-070,C5,DRAFT,First golden vertical slice,Finite explicit states required; terminal success cannot be inferred.,Illegal transition => reject explicitly.,Critical async path => accountable reconciliation + recovery.,PENDING exact state/transition enumeration
SM-0038,ENG-071,C5,DRAFT,Specialty implementation strategy,Finite explicit states required; terminal success cannot be inferred.,Illegal transition => reject explicitly.,Critical async path => accountable reconciliation + recovery.,PENDING exact state/transition enumeration
SM-0039,ENG-073,C5,DRAFT,Imaging engineering board gates,Finite explicit states required; terminal success cannot be inferred.,Illegal transition => reject explicitly.,Critical async path => accountable reconciliation + recovery.,PENDING exact state/transition enumeration
SM-0040,ENG-074,C5,DRAFT,Medication safety board gates,Finite explicit states required; terminal success cannot be inferred.,Illegal transition => reject explicitly.,Critical async path => accountable reconciliation + recovery.,PENDING exact state/transition enumeration
SM-0041,ENG-078,C5,DRAFT,Anti-pattern blacklist,Finite explicit states required; terminal success cannot be inferred.,Illegal transition => reject explicitly.,Critical async path => accountable reconciliation + recovery.,PENDING exact state/transition enumeration
SM-0042,ENG-085,C4,DRAFT,Migration from legacy/paper,Finite explicit states required; terminal success cannot be inferred.,Illegal transition => reject explicitly.,Critical async path => accountable reconciliation + recovery.,PENDING exact state/transition enumeration
SM-0043,ENG-087,C5,DRAFT,"Data retention, deletion and legal hold architecture",Finite explicit states required; terminal success cannot be inferred.,Illegal transition => reject explicitly.,Critical async path => accountable reconciliation + recovery.,PENDING exact state/transition enumeration
SM-0044,ENG-088,C4,DRAFT,Support and operations access,Finite explicit states required; terminal success cannot be inferred.,Illegal transition => reject explicitly.,Critical async path => accountable reconciliation + recovery.,PENDING exact state/transition enumeration
SM-0045,ENG-090,C4,DRAFT,Documentation architecture,Finite explicit states required; terminal success cannot be inferred.,Illegal transition => reject explicitly.,Critical async path => accountable reconciliation + recovery.,PENDING exact state/transition enumeration
SM-0046,ENG-092,C4,DRAFT,Product analytics without surveillance,Finite explicit states required; terminal success cannot be inferred.,Illegal transition => reject explicitly.,Critical async path => accountable reconciliation + recovery.,PENDING exact state/transition enumeration
SM-0047,ENG-093,C4,DRAFT,Change management after V2.1 freeze,Finite explicit states required; terminal success cannot be inferred.,Illegal transition => reject explicitly.,Critical async path => accountable reconciliation + recovery.,PENDING exact state/transition enumeration
SM-0048,ENG-098,C5,DRAFT,Nanometric Expansion — frontend architecture,Finite explicit states required; terminal success cannot be inferred.,Illegal transition => reject explicitly.,Critical async path => accountable reconciliation + recovery.,PENDING exact state/transition enumeration
SM-0049,ENG-101,C5,DRAFT,Concurrency and conflict resolution,Finite explicit states required; terminal success cannot be inferred.,Illegal transition => reject explicitly.,Critical async path => accountable reconciliation + recovery.,PENDING exact state/transition enumeration
SM-0050,ENG-108,C5,DRAFT,FHIR implementation boundary,Finite explicit states required; terminal success cannot be inferred.,Illegal transition => reject explicitly.,Critical async path => accountable reconciliation + recovery.,PENDING exact state/transition enumeration
SM-0051,ENG-109,C4,DRAFT,"Terminology services: SNOMED CT, LOINC and local catalogs",Finite explicit states required; terminal success cannot be inferred.,Illegal transition => reject explicitly.,Critical async path => accountable reconciliation + recovery.,PENDING exact state/transition enumeration
SM-0052,ENG-111,C5,DRAFT,OpenTelemetry and security telemetry,Finite explicit states required; terminal success cannot be inferred.,Illegal transition => reject explicitly.,Critical async path => accountable reconciliation + recovery.,PENDING exact state/transition enumeration
SM-0053,ENG-113,C3,DRAFT,Supply-chain security,Finite explicit states required; terminal success cannot be inferred.,Illegal transition => reject explicitly.,Critical async path => accountable reconciliation + recovery.,PENDING exact state/transition enumeration
SM-0054,ENG-114,C4,DRAFT,ISO 27001 / SOC 2 readiness without false claims,Finite explicit states required; terminal success cannot be inferred.,Illegal transition => reject explicitly.,Critical async path => accountable reconciliation + recovery.,PENDING exact state/transition enumeration
SM-0055,ENG-115,C5,DRAFT,Regulatory CDS / ScDM branch,Finite explicit states required; terminal success cannot be inferred.,Illegal transition => reject explicitly.,Critical async path => accountable reconciliation + recovery.,PENDING exact state/transition enumeration
SM-0056,ENG-117,C5,DRAFT,TypeScript coding standard,Finite explicit states required; terminal success cannot be inferred.,Illegal transition => reject explicitly.,Critical async path => accountable reconciliation + recovery.,PENDING exact state/transition enumeration
SM-0057,ENG-118,C5,DRAFT,Test data factories and synthetic patients,Finite explicit states required; terminal success cannot be inferred.,Illegal transition => reject explicitly.,Critical async path => accountable reconciliation + recovery.,PENDING exact state/transition enumeration
SM-0058,ENG-121,C5,DRAFT,Data governance and lineage,Finite explicit states required; terminal success cannot be inferred.,Illegal transition => reject explicitly.,Critical async path => accountable reconciliation + recovery.,PENDING exact state/transition enumeration
SM-0059,ENG-124,C5,DRAFT,Model monitoring after release,Finite explicit states required; terminal success cannot be inferred.,Illegal transition => reject explicitly.,Critical async path => accountable reconciliation + recovery.,PENDING exact state/transition enumeration
SM-0060,ENG-125,C4,DRAFT,Versioning strategy,Finite explicit states required; terminal success cannot be inferred.,Illegal transition => reject explicitly.,Critical async path => accountable reconciliation + recovery.,PENDING exact state/transition enumeration
SM-0061,ENG-133,C5,DRAFT,V2.1.1 hyperscale engineering amendment — purpose and authority,Finite explicit states required; terminal success cannot be inferred.,Illegal transition => reject explicitly.,Critical async path => accountable reconciliation + recovery.,PENDING exact state/transition enumeration
SM-0062,ENG-134,C5,DRAFT,150-expert equivalent engineering organization,Finite explicit states required; terminal success cannot be inferred.,Illegal transition => reject explicitly.,Critical async path => accountable reconciliation + recovery.,PENDING exact state/transition enumeration
SM-0063,ENG-135,C4,DRAFT,Clinical semantic kernel,Finite explicit states required; terminal success cannot be inferred.,Illegal transition => reject explicitly.,Critical async path => accountable reconciliation + recovery.,PENDING exact state/transition enumeration
SM-0064,ENG-136,C5,DRAFT,"Clinical quantity, unit algebra and exact decimal policy",Finite explicit states required; terminal success cannot be inferred.,Illegal transition => reject explicitly.,Critical async path => accountable reconciliation + recovery.,PENDING exact state/transition enumeration
SM-0065,ENG-137,C4,DRAFT,Computation authority constitution,Finite explicit states required; terminal success cannot be inferred.,Illegal transition => reject explicitly.,Critical async path => accountable reconciliation + recovery.,PENDING exact state/transition enumeration
SM-0066,ENG-138,C4,DRAFT,Algorithm Platform — separation of planes,Finite explicit states required; terminal success cannot be inferred.,Illegal transition => reject explicitly.,Critical async path => accountable reconciliation + recovery.,PENDING exact state/transition enumeration
SM-0067,ENG-139,C4,DRAFT,Algorithm manifest and reproducibility,Finite explicit states required; terminal success cannot be inferred.,Illegal transition => reject explicitly.,Critical async path => accountable reconciliation + recovery.,PENDING exact state/transition enumeration
SM-0068,ENG-141,C5,DRAFT,Algorithm verification strategy,Finite explicit states required; terminal success cannot be inferred.,Illegal transition => reject explicitly.,Critical async path => accountable reconciliation + recovery.,PENDING exact state/transition enumeration
SM-0069,ENG-143,C4,DRAFT,Derived-fact lineage and invalidation,Finite explicit states required; terminal success cannot be inferred.,Illegal transition => reject explicitly.,Critical async path => accountable reconciliation + recovery.,PENDING exact state/transition enumeration
SM-0070,ENG-144,C4,DRAFT,Knowledge Engine — architectural planes,Finite explicit states required; terminal success cannot be inferred.,Illegal transition => reject explicitly.,Critical async path => accountable reconciliation + recovery.,PENDING exact state/transition enumeration
SM-0071,ENG-145,C4,DRAFT,Knowledge Source Registry,Finite explicit states required; terminal success cannot be inferred.,Illegal transition => reject explicitly.,Critical async path => accountable reconciliation + recovery.,PENDING exact state/transition enumeration
SM-0072,ENG-146,C4,DRAFT,Evidence propositions and typed Knowledge IR,Finite explicit states required; terminal success cannot be inferred.,Illegal transition => reject explicitly.,Critical async path => accountable reconciliation + recovery.,PENDING exact state/transition enumeration
SM-0073,ENG-148,C5,DRAFT,Knowledge applicability and jurisdiction,Finite explicit states required; terminal success cannot be inferred.,Illegal transition => reject explicitly.,Critical async path => accountable reconciliation + recovery.,PENDING exact state/transition enumeration
SM-0074,ENG-149,C4,DRAFT,Knowledge release and behavioral diff,Finite explicit states required; terminal success cannot be inferred.,Illegal transition => reject explicitly.,Critical async path => accountable reconciliation + recovery.,PENDING exact state/transition enumeration
SM-0075,ENG-150,C4,DRAFT,Knowledge freshness and incident impact,Finite explicit states required; terminal success cannot be inferred.,Illegal transition => reject explicitly.,Critical async path => accountable reconciliation + recovery.,PENDING exact state/transition enumeration
SM-0076,ENG-151,C3,DRAFT,Terminology infrastructure,Finite explicit states required; terminal success cannot be inferred.,Illegal transition => reject explicitly.,Critical async path => accountable reconciliation + recovery.,PENDING exact state/transition enumeration
SM-0077,ENG-152,C4,DRAFT,Sparse temporal Patient Clinical Graph,Finite explicit states required; terminal success cannot be inferred.,Illegal transition => reject explicitly.,Critical async path => accountable reconciliation + recovery.,PENDING exact state/transition enumeration
SM-0078,ENG-153,C5,DRAFT,Dependency DAG and incremental computation,Finite explicit states required; terminal success cannot be inferred.,Illegal transition => reject explicitly.,Critical async path => accountable reconciliation + recovery.,PENDING exact state/transition enumeration
SM-0079,ENG-155,C5,DRAFT,Consistency classes,Finite explicit states required; terminal success cannot be inferred.,Illegal transition => reject explicitly.,Critical async path => accountable reconciliation + recovery.,PENDING exact state/transition enumeration
SM-0080,ENG-157,C4,DRAFT,Data contract registry and schema evolution,Finite explicit states required; terminal success cannot be inferred.,Illegal transition => reject explicitly.,Critical async path => accountable reconciliation + recovery.,PENDING exact state/transition enumeration
SM-0081,ENG-158,C5,DRAFT,Data quality propagation,Finite explicit states required; terminal success cannot be inferred.,Illegal transition => reject explicitly.,Critical async path => accountable reconciliation + recovery.,PENDING exact state/transition enumeration
SM-0082,ENG-159,C5,DRAFT,Patient identity and merge safety at scale,Finite explicit states required; terminal success cannot be inferred.,Illegal transition => reject explicitly.,Critical async path => accountable reconciliation + recovery.,PENDING exact state/transition enumeration
SM-0083,ENG-160,C4,DRAFT,Search and wrong-patient defense,Finite explicit states required; terminal success cannot be inferred.,Illegal transition => reject explicitly.,Critical async path => accountable reconciliation + recovery.,PENDING exact state/transition enumeration
SM-0084,ENG-161,C5,DRAFT,Patient State projection contract,Finite explicit states required; terminal success cannot be inferred.,Illegal transition => reject explicitly.,Critical async path => accountable reconciliation + recovery.,PENDING exact state/transition enumeration
SM-0085,ENG-162,C5,DRAFT,"Result, correction and longitudinal baseline semantics",Finite explicit states required; terminal success cannot be inferred.,Illegal transition => reject explicitly.,Critical async path => accountable reconciliation + recovery.,PENDING exact state/transition enumeration
SM-0086,ENG-163,C5,DRAFT,Clinical Obligation Graph and no-orphan reconciliation,Finite explicit states required; terminal success cannot be inferred.,Illegal transition => reject explicitly.,Critical async path => accountable reconciliation + recovery.,PENDING exact state/transition enumeration
SM-0087,ENG-164,C5,DRAFT,Durable workflow and external side-effect ledger,Finite explicit states required; terminal success cannot be inferred.,Illegal transition => reject explicitly.,Critical async path => accountable reconciliation + recovery.,PENDING exact state/transition enumeration
SM-0088,ENG-165,C3,DRAFT,Concurrency and signed-record immutability,Finite explicit states required; terminal success cannot be inferred.,Illegal transition => reject explicitly.,Critical async path => accountable reconciliation + recovery.,PENDING exact state/transition enumeration
SM-0089,ENG-166,C4,DRAFT,Document Intelligence production pipeline,Finite explicit states required; terminal success cannot be inferred.,Illegal transition => reject explicitly.,Critical async path => accountable reconciliation + recovery.,PENDING exact state/transition enumeration
SM-0090,ENG-167,C4,DRAFT,AI Task Fabric and Gateway,Finite explicit states required; terminal success cannot be inferred.,Illegal transition => reject explicitly.,Critical async path => accountable reconciliation + recovery.,PENDING exact state/transition enumeration
SM-0091,ENG-168,C4,DRAFT,"AI evidence, context and prompt-injection controls",Finite explicit states required; terminal success cannot be inferred.,Illegal transition => reject explicitly.,Critical async path => accountable reconciliation + recovery.,PENDING exact state/transition enumeration
SM-0092,ENG-169,C5,DRAFT,AI authority and evaluation,Finite explicit states required; terminal success cannot be inferred.,Illegal transition => reject explicitly.,Critical async path => accountable reconciliation + recovery.,PENDING exact state/transition enumeration
SM-0093,ENG-170,C5,DRAFT,Interface structural shell and information hierarchy,Finite explicit states required; terminal success cannot be inferred.,Illegal transition => reject explicitly.,Critical async path => accountable reconciliation + recovery.,PENDING exact state/transition enumeration
SM-0094,ENG-173,C5,DRAFT,"Button, link and form-field contracts",Finite explicit states required; terminal success cannot be inferred.,Illegal transition => reject explicitly.,Critical async path => accountable reconciliation + recovery.,PENDING exact state/transition enumeration
SM-0095,ENG-175,C5,DRAFT,Human factors and interruption recovery,Finite explicit states required; terminal success cannot be inferred.,Illegal transition => reject explicitly.,Critical async path => accountable reconciliation + recovery.,PENDING exact state/transition enumeration
SM-0096,ENG-176,C4,DRAFT,"2,000-physician synthetic validation program",Finite explicit states required; terminal success cannot be inferred.,Illegal transition => reject explicitly.,Critical async path => accountable reconciliation + recovery.,PENDING exact state/transition enumeration
SM-0097,ENG-179,C4,DRAFT,30-pass defect ledger and restart rule,Finite explicit states required; terminal success cannot be inferred.,Illegal transition => reject explicitly.,Critical async path => accountable reconciliation + recovery.,PENDING exact state/transition enumeration
SM-0098,ENG-180,C5,DRAFT,Global invariant catalog,Finite explicit states required; terminal success cannot be inferred.,Illegal transition => reject explicitly.,Critical async path => accountable reconciliation + recovery.,PENDING exact state/transition enumeration
SM-0099,ENG-181,C5,DRAFT,Property registry and formal-method candidates,Finite explicit states required; terminal success cannot be inferred.,Illegal transition => reject explicitly.,Critical async path => accountable reconciliation + recovery.,PENDING exact state/transition enumeration
SM-0100,ENG-182,C5,DRAFT,Security zero-trust request path,Finite explicit states required; terminal success cannot be inferred.,Illegal transition => reject explicitly.,Critical async path => accountable reconciliation + recovery.,PENDING exact state/transition enumeration
SM-0101,ENG-183,C4,DRAFT,Authorization policy as code and break-glass,Finite explicit states required; terminal success cannot be inferred.,Illegal transition => reject explicitly.,Critical async path => accountable reconciliation + recovery.,PENDING exact state/transition enumeration
SM-0102,ENG-184,C3,DRAFT,Cryptographic architecture and key lifecycle,Finite explicit states required; terminal success cannot be inferred.,Illegal transition => reject explicitly.,Critical async path => accountable reconciliation + recovery.,PENDING exact state/transition enumeration
SM-0103,ENG-186,C5,DRAFT,Audit ledger and completeness reconciliation,Finite explicit states required; terminal success cannot be inferred.,Illegal transition => reject explicitly.,Critical async path => accountable reconciliation + recovery.,PENDING exact state/transition enumeration
SM-0104,ENG-187,C5,DRAFT,"Storage, object integrity and reconciliation",Finite explicit states required; terminal success cannot be inferred.,Illegal transition => reject explicitly.,Critical async path => accountable reconciliation + recovery.,PENDING exact state/transition enumeration
SM-0105,ENG-192,C5,DRAFT,SRE clinical service catalog and SLOs,Finite explicit states required; terminal success cannot be inferred.,Illegal transition => reject explicitly.,Critical async path => accountable reconciliation + recovery.,PENDING exact state/transition enumeration
SM-0106,ENG-193,C5,DRAFT,Chaos engineering and fault injection,Finite explicit states required; terminal success cannot be inferred.,Illegal transition => reject explicitly.,Critical async path => accountable reconciliation + recovery.,PENDING exact state/transition enumeration
SM-0107,ENG-196,C5,DRAFT,Semantic diffs,Finite explicit states required; terminal success cannot be inferred.,Illegal transition => reject explicitly.,Critical async path => accountable reconciliation + recovery.,PENDING exact state/transition enumeration
SM-0108,ENG-197,C5,DRAFT,Change Impact Engine,Finite explicit states required; terminal success cannot be inferred.,Illegal transition => reject explicitly.,Critical async path => accountable reconciliation + recovery.,PENDING exact state/transition enumeration
SM-0109,ENG-198,C4,DRAFT,Clinical Action Receipt and version vector,Finite explicit states required; terminal success cannot be inferred.,Illegal transition => reject explicitly.,Critical async path => accountable reconciliation + recovery.,PENDING exact state/transition enumeration
SM-0110,ENG-199,C5,DRAFT,Testing architecture,Finite explicit states required; terminal success cannot be inferred.,Illegal transition => reject explicitly.,Critical async path => accountable reconciliation + recovery.,PENDING exact state/transition enumeration
SM-0111,ENG-200,C5,DRAFT,Combinatorial testing,Finite explicit states required; terminal success cannot be inferred.,Illegal transition => reject explicitly.,Critical async path => accountable reconciliation + recovery.,PENDING exact state/transition enumeration
SM-0112,ENG-201,C5,DRAFT,Supply-chain and release evidence,Finite explicit states required; terminal success cannot be inferred.,Illegal transition => reject explicitly.,Critical async path => accountable reconciliation + recovery.,PENDING exact state/transition enumeration
SM-0113,ENG-202,C5,DRAFT,Clinical safety case and hazard control hierarchy,Finite explicit states required; terminal success cannot be inferred.,Illegal transition => reject explicitly.,Critical async path => accountable reconciliation + recovery.,PENDING exact state/transition enumeration
SM-0114,ENG-203,C5,DRAFT,Risk classes and maturity,Finite explicit states required; terminal success cannot be inferred.,Illegal transition => reject explicitly.,Critical async path => accountable reconciliation + recovery.,PENDING exact state/transition enumeration
SM-0115,ENG-204,C4,DRAFT,Synthetic validation versus real clinical validation,Finite explicit states required; terminal success cannot be inferred.,Illegal transition => reject explicitly.,Critical async path => accountable reconciliation + recovery.,PENDING exact state/transition enumeration
SM-0116,ENG-205,C4,DRAFT,"No complexity, scale, security or compliance theater",Finite explicit states required; terminal success cannot be inferred.,Illegal transition => reject explicitly.,Critical async path => accountable reconciliation + recovery.,PENDING exact state/transition enumeration
SM-0117,ENG-206,C4,DRAFT,Root AGENTS.md and agent execution separation,Finite explicit states required; terminal success cannot be inferred.,Illegal transition => reject explicitly.,Critical async path => accountable reconciliation + recovery.,PENDING exact state/transition enumeration
SM-0118,ENG-207,C5,DRAFT,Stop-the-line conditions,Finite explicit states required; terminal success cannot be inferred.,Illegal transition => reject explicitly.,Critical async path => accountable reconciliation + recovery.,PENDING exact state/transition enumeration
SM-0119,ENG-208,C5,DRAFT,V2 ↔ V2.1.1 traceability extension,Finite explicit states required; terminal success cannot be inferred.,Illegal transition => reject explicitly.,Critical async path => accountable reconciliation + recovery.,PENDING exact state/transition enumeration
SM-0120,ENG-209,C5,DRAFT,V2 product baseline preservation,Finite explicit states required; terminal success cannot be inferred.,Illegal transition => reject explicitly.,Critical async path => accountable reconciliation + recovery.,PENDING exact state/transition enumeration
SM-0121,ENG-210,C4,DRAFT,V2.1.1 release and freeze rule,Finite explicit states required; terminal success cannot be inferred.,Illegal transition => reject explicitly.,Critical async path => accountable reconciliation + recovery.,PENDING exact state/transition enumeration
SM-0122,ENG-211,C5,DRAFT,Final V2.1.1 engineering constitution,Finite explicit states required; terminal success cannot be inferred.,Illegal transition => reject explicitly.,Critical async path => accountable reconciliation + recovery.,PENDING exact state/transition enumeration
SM-0123,ENG-212,C5,DRAFT,Target architecture doctrine,Finite explicit states required; terminal success cannot be inferred.,Illegal transition => reject explicitly.,Critical async path => accountable reconciliation + recovery.,PENDING exact state/transition enumeration
SM-0124,ENG-213,C5,DRAFT,Patient Computable State 2.0,Finite explicit states required; terminal success cannot be inferred.,Illegal transition => reject explicitly.,Critical async path => accountable reconciliation + recovery.,PENDING exact state/transition enumeration
SM-0125,ENG-214,C4,DRAFT,Clinical Intent as a first-class domain primitive,Finite explicit states required; terminal success cannot be inferred.,Illegal transition => reject explicitly.,Critical async path => accountable reconciliation + recovery.,PENDING exact state/transition enumeration
SM-0126,ENG-215,C5,DRAFT,Clinical Goal Engine,Finite explicit states required; terminal success cannot be inferred.,Illegal transition => reject explicitly.,Critical async path => accountable reconciliation + recovery.,PENDING exact state/transition enumeration
SM-0127,ENG-216,C5,DRAFT,Clinical Plan Compiler,Finite explicit states required; terminal success cannot be inferred.,Illegal transition => reject explicitly.,Critical async path => accountable reconciliation + recovery.,PENDING exact state/transition enumeration
SM-0128,ENG-217,C5,DRAFT,Expected Result Engine,Finite explicit states required; terminal success cannot be inferred.,Illegal transition => reject explicitly.,Critical async path => accountable reconciliation + recovery.,PENDING exact state/transition enumeration
SM-0129,ENG-218,C5,DRAFT,Clinical Goal-to-Result closure model,Finite explicit states required; terminal success cannot be inferred.,Illegal transition => reject explicitly.,Critical async path => accountable reconciliation + recovery.,PENDING exact state/transition enumeration
SM-0130,ENG-219,C5,DRAFT,Treatment Response Engine,Finite explicit states required; terminal success cannot be inferred.,Illegal transition => reject explicitly.,Critical async path => accountable reconciliation + recovery.,PENDING exact state/transition enumeration
SM-0131,ENG-220,C5,DRAFT,Medication Intelligence Graph 2.0,Finite explicit states required; terminal success cannot be inferred.,Illegal transition => reject explicitly.,Critical async path => accountable reconciliation + recovery.,PENDING exact state/transition enumeration
SM-0132,ENG-221,C5,DRAFT,Medication Change Impact Engine,Finite explicit states required; terminal success cannot be inferred.,Illegal transition => reject explicitly.,Critical async path => accountable reconciliation + recovery.,PENDING exact state/transition enumeration
SM-0133,ENG-222,C5,DRAFT,Hypothesis Workspace,Finite explicit states required; terminal success cannot be inferred.,Illegal transition => reject explicitly.,Critical async path => accountable reconciliation + recovery.,PENDING exact state/transition enumeration
SM-0134,ENG-223,C4,DRAFT,Missing Evidence Engine,Finite explicit states required; terminal success cannot be inferred.,Illegal transition => reject explicitly.,Critical async path => accountable reconciliation + recovery.,PENDING exact state/transition enumeration
SM-0135,ENG-224,C5,DRAFT,Clinical Contradiction Engine,Finite explicit states required; terminal success cannot be inferred.,Illegal transition => reject explicitly.,Critical async path => accountable reconciliation + recovery.,PENDING exact state/transition enumeration
SM-0136,ENG-225,C5,DRAFT,Concordance and discrepancy graph,Finite explicit states required; terminal success cannot be inferred.,Illegal transition => reject explicitly.,Critical async path => accountable reconciliation + recovery.,PENDING exact state/transition enumeration
SM-0137,ENG-226,C5,DRAFT,Clinical Uncertainty object,Finite explicit states required; terminal success cannot be inferred.,Illegal transition => reject explicitly.,Critical async path => accountable reconciliation + recovery.,PENDING exact state/transition enumeration
SM-0138,ENG-227,C4,DRAFT,Clinical Decision object and Decision Ledger,Finite explicit states required; terminal success cannot be inferred.,Illegal transition => reject explicitly.,Critical async path => accountable reconciliation + recovery.,PENDING exact state/transition enumeration
SM-0139,ENG-229,C5,DRAFT,Clinical Delta Engine,Finite explicit states required; terminal success cannot be inferred.,Illegal transition => reject explicitly.,Critical async path => accountable reconciliation + recovery.,PENDING exact state/transition enumeration
SM-0140,ENG-230,C4,DRAFT,What Changed? pre-visit contract,Finite explicit states required; terminal success cannot be inferred.,Illegal transition => reject explicitly.,Critical async path => accountable reconciliation + recovery.,PENDING exact state/transition enumeration
SM-0141,ENG-231,C5,DRAFT,Semantic Clinical Timeline,Finite explicit states required; terminal success cannot be inferred.,Illegal transition => reject explicitly.,Critical async path => accountable reconciliation + recovery.,PENDING exact state/transition enumeration
SM-0142,ENG-232,C5,DRAFT,Clinical Episode model,Finite explicit states required; terminal success cannot be inferred.,Illegal transition => reject explicitly.,Critical async path => accountable reconciliation + recovery.,PENDING exact state/transition enumeration
SM-0143,ENG-237,C5,DRAFT,Ambient Clinical Layer 2.0,Finite explicit states required; terminal success cannot be inferred.,Illegal transition => reject explicitly.,Critical async path => accountable reconciliation + recovery.,PENDING exact state/transition enumeration
SM-0144,ENG-238,C5,DRAFT,Ambient Missing Question Detection,Finite explicit states required; terminal success cannot be inferred.,Illegal transition => reject explicitly.,Critical async path => accountable reconciliation + recovery.,PENDING exact state/transition enumeration
SM-0145,ENG-239,C5,DRAFT,Evidence-at-the-point-of-decision,Finite explicit states required; terminal success cannot be inferred.,Illegal transition => reject explicitly.,Critical async path => accountable reconciliation + recovery.,PENDING exact state/transition enumeration
SM-0146,ENG-240,C4,DRAFT,Explain Why contract,Finite explicit states required; terminal success cannot be inferred.,Illegal transition => reject explicitly.,Critical async path => accountable reconciliation + recovery.,PENDING exact state/transition enumeration
SM-0147,ENG-241,C5,DRAFT,Patient Digital Twin clinical composition,Finite explicit states required; terminal success cannot be inferred.,Illegal transition => reject explicitly.,Critical async path => accountable reconciliation + recovery.,PENDING exact state/transition enumeration
SM-0148,ENG-242,C5,DRAFT,Patient Action Plan / Patient OS 2.0,Finite explicit states required; terminal success cannot be inferred.,Illegal transition => reject explicitly.,Critical async path => accountable reconciliation + recovery.,PENDING exact state/transition enumeration
SM-0149,ENG-243,C5,DRAFT,Patient Comprehension and Barrier Loop,Finite explicit states required; terminal success cannot be inferred.,Illegal transition => reject explicitly.,Critical async path => accountable reconciliation + recovery.,PENDING exact state/transition enumeration
SM-0150,ENG-244,C5,DRAFT,Care Team Operating System,Finite explicit states required; terminal success cannot be inferred.,Illegal transition => reject explicitly.,Critical async path => accountable reconciliation + recovery.,PENDING exact state/transition enumeration
SM-0151,ENG-245,C5,DRAFT,Referral Intelligence 2.0,Finite explicit states required; terminal success cannot be inferred.,Illegal transition => reject explicitly.,Critical async path => accountable reconciliation + recovery.,PENDING exact state/transition enumeration
SM-0152,ENG-246,C5,DRAFT,Message Intelligence,Finite explicit states required; terminal success cannot be inferred.,Illegal transition => reject explicitly.,Critical async path => accountable reconciliation + recovery.,PENDING exact state/transition enumeration
SM-0153,ENG-247,C5,DRAFT,Operational Intelligence,Finite explicit states required; terminal success cannot be inferred.,Illegal transition => reject explicitly.,Critical async path => accountable reconciliation + recovery.,PENDING exact state/transition enumeration
SM-0154,ENG-248,C5,DRAFT,Autonomous Administrative Plane,Finite explicit states required; terminal success cannot be inferred.,Illegal transition => reject explicitly.,Critical async path => accountable reconciliation + recovery.,PENDING exact state/transition enumeration
SM-0155,ENG-249,C5,DRAFT,Clinical Quality Observatory,Finite explicit states required; terminal success cannot be inferred.,Illegal transition => reject explicitly.,Critical async path => accountable reconciliation + recovery.,PENDING exact state/transition enumeration
SM-0156,ENG-250,C4,DRAFT,Learning Health System firewall,Finite explicit states required; terminal success cannot be inferred.,Illegal transition => reject explicitly.,Critical async path => accountable reconciliation + recovery.,PENDING exact state/transition enumeration
SM-0157,ENG-251,C4,DRAFT,Outcome Intelligence boundary,Finite explicit states required; terminal success cannot be inferred.,Illegal transition => reject explicitly.,Critical async path => accountable reconciliation + recovery.,PENDING exact state/transition enumeration
SM-0158,ENG-253,C3,DRAFT,Federated analytics readiness,Finite explicit states required; terminal success cannot be inferred.,Illegal transition => reject explicitly.,Critical async path => accountable reconciliation + recovery.,PENDING exact state/transition enumeration
SM-0159,ENG-256,C5,DRAFT,Computable care-plan graph,Finite explicit states required; terminal success cannot be inferred.,Illegal transition => reject explicitly.,Critical async path => accountable reconciliation + recovery.,PENDING exact state/transition enumeration
SM-0160,ENG-257,C3,DRAFT,Plan compilation transaction semantics,Finite explicit states required; terminal success cannot be inferred.,Illegal transition => reject explicitly.,Critical async path => accountable reconciliation + recovery.,PENDING exact state/transition enumeration
SM-0161,ENG-258,C4,DRAFT,New domain object versioning policy,Finite explicit states required; terminal success cannot be inferred.,Illegal transition => reject explicitly.,Critical async path => accountable reconciliation + recovery.,PENDING exact state/transition enumeration
SM-0162,ENG-260,C4,DRAFT,New object provenance policy,Finite explicit states required; terminal success cannot be inferred.,Illegal transition => reject explicitly.,Critical async path => accountable reconciliation + recovery.,PENDING exact state/transition enumeration
SM-0163,ENG-262,C4,DRAFT,New object audit policy,Finite explicit states required; terminal success cannot be inferred.,Illegal transition => reject explicitly.,Critical async path => accountable reconciliation + recovery.,PENDING exact state/transition enumeration
SM-0164,ENG-263,C5,DRAFT,New object search/index policy,Finite explicit states required; terminal success cannot be inferred.,Illegal transition => reject explicitly.,Critical async path => accountable reconciliation + recovery.,PENDING exact state/transition enumeration
SM-0165,ENG-264,C5,DRAFT,New object reconciliation policy,Finite explicit states required; terminal success cannot be inferred.,Illegal transition => reject explicitly.,Critical async path => accountable reconciliation + recovery.,PENDING exact state/transition enumeration
SM-0166,ENG-265,C4,DRAFT,New object deletion/retention policy,Finite explicit states required; terminal success cannot be inferred.,Illegal transition => reject explicitly.,Critical async path => accountable reconciliation + recovery.,PENDING exact state/transition enumeration
SM-0167,ENG-266,C5,DRAFT,AI contracts for new reasoning objects,Finite explicit states required; terminal success cannot be inferred.,Illegal transition => reject explicitly.,Critical async path => accountable reconciliation + recovery.,PENDING exact state/transition enumeration
SM-0168,ENG-267,C4,DRAFT,Deterministic contracts for new reasoning objects,Finite explicit states required; terminal success cannot be inferred.,Illegal transition => reject explicitly.,Critical async path => accountable reconciliation + recovery.,PENDING exact state/transition enumeration
SM-0169,ENG-268,C5,DRAFT,Knowledge Engine extensions for goals and care plans,Finite explicit states required; terminal success cannot be inferred.,Illegal transition => reject explicitly.,Critical async path => accountable reconciliation + recovery.,PENDING exact state/transition enumeration
SM-0170,ENG-269,C4,DRAFT,Knowledge Engine extensions for contradictions,Finite explicit states required; terminal success cannot be inferred.,Illegal transition => reject explicitly.,Critical async path => accountable reconciliation + recovery.,PENDING exact state/transition enumeration
SM-0171,ENG-270,C4,DRAFT,Knowledge Engine extensions for missing evidence,Finite explicit states required; terminal success cannot be inferred.,Illegal transition => reject explicitly.,Critical async path => accountable reconciliation + recovery.,PENDING exact state/transition enumeration
SM-0172,ENG-271,C5,DRAFT,Longitudinal causality guardrail,Finite explicit states required; terminal success cannot be inferred.,Illegal transition => reject explicitly.,Critical async path => accountable reconciliation + recovery.,PENDING exact state/transition enumeration
SM-0173,ENG-272,C4,DRAFT,Data Once / Compute Once / Source Once / Decision Once,Finite explicit states required; terminal success cannot be inferred.,Illegal transition => reject explicitly.,Critical async path => accountable reconciliation + recovery.,PENDING exact state/transition enumeration
SM-0174,ENG-273,C5,DRAFT,Failure semantics for target architecture,Finite explicit states required; terminal success cannot be inferred.,Illegal transition => reject explicitly.,Critical async path => accountable reconciliation + recovery.,PENDING exact state/transition enumeration
SM-0175,ENG-274,C5,DRAFT,Safe-mode physician experience,Finite explicit states required; terminal success cannot be inferred.,Illegal transition => reject explicitly.,Critical async path => accountable reconciliation + recovery.,PENDING exact state/transition enumeration
SM-0176,ENG-275,C5,DRAFT,Human-factors validation for target capabilities,Finite explicit states required; terminal success cannot be inferred.,Illegal transition => reject explicitly.,Critical async path => accountable reconciliation + recovery.,PENDING exact state/transition enumeration
SM-0177,ENG-276,C5,DRAFT,Target architecture threat-model expansion,Finite explicit states required; terminal success cannot be inferred.,Illegal transition => reject explicitly.,Critical async path => accountable reconciliation + recovery.,PENDING exact state/transition enumeration
SM-0178,ENG-277,C4,DRAFT,Target architecture privacy expansion,Finite explicit states required; terminal success cannot be inferred.,Illegal transition => reject explicitly.,Critical async path => accountable reconciliation + recovery.,PENDING exact state/transition enumeration
SM-0179,ENG-278,C5,DRAFT,Target architecture observability,Finite explicit states required; terminal success cannot be inferred.,Illegal transition => reject explicitly.,Critical async path => accountable reconciliation + recovery.,PENDING exact state/transition enumeration
SM-0180,ENG-279,C4,DRAFT,Target architecture performance budgets,Finite explicit states required; terminal success cannot be inferred.,Illegal transition => reject explicitly.,Critical async path => accountable reconciliation + recovery.,PENDING exact state/transition enumeration
SM-0181,ENG-281,C5,DRAFT,Product-gap promotion registry,Finite explicit states required; terminal success cannot be inferred.,Illegal transition => reject explicitly.,Critical async path => accountable reconciliation + recovery.,PENDING exact state/transition enumeration
SM-0182,ENG-282,C4,DRAFT,Atomic traceability requirement,Finite explicit states required; terminal success cannot be inferred.,Illegal transition => reject explicitly.,Critical async path => accountable reconciliation + recovery.,PENDING exact state/transition enumeration
SM-0183,ENG-283,C4,DRAFT,Target architecture executable-contract package,Finite explicit states required; terminal success cannot be inferred.,Illegal transition => reject explicitly.,Critical async path => accountable reconciliation + recovery.,PENDING exact state/transition enumeration
SM-0184,ENG-284,C5,DRAFT,Target architecture state-machine package,Finite explicit states required; terminal success cannot be inferred.,Illegal transition => reject explicitly.,Critical async path => accountable reconciliation + recovery.,PENDING exact state/transition enumeration
SM-0185,ENG-285,C4,DRAFT,Target architecture graph contract,Finite explicit states required; terminal success cannot be inferred.,Illegal transition => reject explicitly.,Critical async path => accountable reconciliation + recovery.,PENDING exact state/transition enumeration
SM-0186,ENG-286,C3,DRAFT,Target architecture API contract,Finite explicit states required; terminal success cannot be inferred.,Illegal transition => reject explicitly.,Critical async path => accountable reconciliation + recovery.,PENDING exact state/transition enumeration
SM-0187,ENG-288,C5,DRAFT,Target architecture event contract,Finite explicit states required; terminal success cannot be inferred.,Illegal transition => reject explicitly.,Critical async path => accountable reconciliation + recovery.,PENDING exact state/transition enumeration
SM-0188,ENG-289,C4,DRAFT,Target architecture test corpus,Finite explicit states required; terminal success cannot be inferred.,Illegal transition => reject explicitly.,Critical async path => accountable reconciliation + recovery.,PENDING exact state/transition enumeration
SM-0189,ENG-290,C5,DRAFT,Golden target-architecture journeys,Finite explicit states required; terminal success cannot be inferred.,Illegal transition => reject explicitly.,Critical async path => accountable reconciliation + recovery.,PENDING exact state/transition enumeration
SM-0190,ENG-291,C5,DRAFT,Golden target-architecture failure journeys,Finite explicit states required; terminal success cannot be inferred.,Illegal transition => reject explicitly.,Critical async path => accountable reconciliation + recovery.,PENDING exact state/transition enumeration
SM-0191,ENG-292,C5,DRAFT,30-pass circuit extension,Finite explicit states required; terminal success cannot be inferred.,Illegal transition => reject explicitly.,Critical async path => accountable reconciliation + recovery.,PENDING exact state/transition enumeration
SM-0192,ENG-293,C5,DRAFT,150-expert ownership extension,Finite explicit states required; terminal success cannot be inferred.,Illegal transition => reject explicitly.,Critical async path => accountable reconciliation + recovery.,PENDING exact state/transition enumeration
SM-0193,ENG-294,C5,DRAFT,Clinical safety hazards for target architecture,Finite explicit states required; terminal success cannot be inferred.,Illegal transition => reject explicitly.,Critical async path => accountable reconciliation + recovery.,PENDING exact state/transition enumeration
SM-0194,ENG-295,C5,DRAFT,Regulatory/intended-use change gate,Finite explicit states required; terminal success cannot be inferred.,Illegal transition => reject explicitly.,Critical async path => accountable reconciliation + recovery.,PENDING exact state/transition enumeration
SM-0195,ENG-296,C5,DRAFT,Clinical knowledge source gate,Finite explicit states required; terminal success cannot be inferred.,Illegal transition => reject explicitly.,Critical async path => accountable reconciliation + recovery.,PENDING exact state/transition enumeration
SM-0196,ENG-297,C5,DRAFT,Target architecture definition of done,Finite explicit states required; terminal success cannot be inferred.,Illegal transition => reject explicitly.,Critical async path => accountable reconciliation + recovery.,PENDING exact state/transition enumeration
SM-0197,ENG-298,C5,DRAFT,Target architecture release admission,Finite explicit states required; terminal success cannot be inferred.,Illegal transition => reject explicitly.,Critical async path => accountable reconciliation + recovery.,PENDING exact state/transition enumeration
SM-0198,ENG-300,C5,DRAFT,V2.1.1 target-architecture freeze marker,Finite explicit states required; terminal success cannot be inferred.,Illegal transition => reject explicitly.,Critical async path => accountable reconciliation + recovery.,PENDING exact state/transition enumeration
SM-0199,ENG-301,C5,DRAFT,Target architecture capability-to-engineering matrix,Finite explicit states required; terminal success cannot be inferred.,Illegal transition => reject explicitly.,Critical async path => accountable reconciliation + recovery.,PENDING exact state/transition enumeration
SM-0200,ENG-302,C5,DRAFT,Clinical Semantic Kernel,Finite explicit states required; terminal success cannot be inferred.,Illegal transition => reject explicitly.,Critical async path => accountable reconciliation + recovery.,PENDING exact state/transition enumeration
SM-0201,ENG-303,C5,DRAFT,Clinical Epistemology / Truth Model,Finite explicit states required; terminal success cannot be inferred.,Illegal transition => reject explicitly.,Critical async path => accountable reconciliation + recovery.,PENDING exact state/transition enumeration
SM-0202,ENG-304,C4,DRAFT,Fact–Derived Fact–Inference–Recommendation–Decision separation,Finite explicit states required; terminal success cannot be inferred.,Illegal transition => reject explicitly.,Critical async path => accountable reconciliation + recovery.,PENDING exact state/transition enumeration
SM-0203,ENG-305,C5,DRAFT,Clinical relationship semantics and causal guardrails,Finite explicit states required; terminal success cannot be inferred.,Illegal transition => reject explicitly.,Critical async path => accountable reconciliation + recovery.,PENDING exact state/transition enumeration
SM-0204,ENG-306,C5,DRAFT,State Machine Constitution,Finite explicit states required; terminal success cannot be inferred.,Illegal transition => reject explicitly.,Critical async path => accountable reconciliation + recovery.,PENDING exact state/transition enumeration
SM-0205,ENG-307,C5,DRAFT,Result Lifecycle 2.0,Finite explicit states required; terminal success cannot be inferred.,Illegal transition => reject explicitly.,Critical async path => accountable reconciliation + recovery.,PENDING exact state/transition enumeration
SM-0206,ENG-308,C5,DRAFT,Zero Lost Follow-Up formal invariant,Finite explicit states required; terminal success cannot be inferred.,Illegal transition => reject explicitly.,Critical async path => accountable reconciliation + recovery.,PENDING exact state/transition enumeration
SM-0207,ENG-309,C5,DRAFT,Clinical Invariant Registry,Finite explicit states required; terminal success cannot be inferred.,Illegal transition => reject explicitly.,Critical async path => accountable reconciliation + recovery.,PENDING exact state/transition enumeration
SM-0208,ENG-310,C5,DRAFT,Formal verification escalation policy,Finite explicit states required; terminal success cannot be inferred.,Illegal transition => reject explicitly.,Critical async path => accountable reconciliation + recovery.,PENDING exact state/transition enumeration
SM-0209,ENG-311,C5,DRAFT,Global Clinical Reconciliation Engine,Finite explicit states required; terminal success cannot be inferred.,Illegal transition => reject explicitly.,Critical async path => accountable reconciliation + recovery.,PENDING exact state/transition enumeration
SM-0210,ENG-312,C4,DRAFT,Clinical Replay,Finite explicit states required; terminal success cannot be inferred.,Illegal transition => reject explicitly.,Critical async path => accountable reconciliation + recovery.,PENDING exact state/transition enumeration
SM-0211,ENG-313,C4,DRAFT,Patient Impact Query,Finite explicit states required; terminal success cannot be inferred.,Illegal transition => reject explicitly.,Critical async path => accountable reconciliation + recovery.,PENDING exact state/transition enumeration
SM-0212,ENG-314,C4,DRAFT,Action-Level Clinical BOM,Finite explicit states required; terminal success cannot be inferred.,Illegal transition => reject explicitly.,Critical async path => accountable reconciliation + recovery.,PENDING exact state/transition enumeration
SM-0213,ENG-315,C4,DRAFT,Clinical Policy Engine separation,Finite explicit states required; terminal success cannot be inferred.,Illegal transition => reject explicitly.,Critical async path => accountable reconciliation + recovery.,PENDING exact state/transition enumeration
SM-0214,ENG-316,C3,DRAFT,Semantic Interoperability Firewall,Finite explicit states required; terminal success cannot be inferred.,Illegal transition => reject explicitly.,Critical async path => accountable reconciliation + recovery.,PENDING exact state/transition enumeration
SM-0215,ENG-317,C5,DRAFT,Clinical Data Trust Dimensions,Finite explicit states required; terminal success cannot be inferred.,Illegal transition => reject explicitly.,Critical async path => accountable reconciliation + recovery.,PENDING exact state/transition enumeration
SM-0216,ENG-318,C5,DRAFT,Pediatric Clinical Context hardening,Finite explicit states required; terminal success cannot be inferred.,Illegal transition => reject explicitly.,Critical async path => accountable reconciliation + recovery.,PENDING exact state/transition enumeration
SM-0217,ENG-319,C5,DRAFT,Context Applicability Framework,Finite explicit states required; terminal success cannot be inferred.,Illegal transition => reject explicitly.,Critical async path => accountable reconciliation + recovery.,PENDING exact state/transition enumeration
SM-0218,ENG-320,C4,DRAFT,Safety Envelope Contract,Finite explicit states required; terminal success cannot be inferred.,Illegal transition => reject explicitly.,Critical async path => accountable reconciliation + recovery.,PENDING exact state/transition enumeration
SM-0219,ENG-321,C4,DRAFT,AI Task Card Registry,Finite explicit states required; terminal success cannot be inferred.,Illegal transition => reject explicitly.,Critical async path => accountable reconciliation + recovery.,PENDING exact state/transition enumeration
SM-0220,ENG-322,C4,DRAFT,AI Evidence Coverage,Finite explicit states required; terminal success cannot be inferred.,Illegal transition => reject explicitly.,Critical async path => accountable reconciliation + recovery.,PENDING exact state/transition enumeration
SM-0221,ENG-325,C5,DRAFT,Clinical Progressive Disclosure,Finite explicit states required; terminal success cannot be inferred.,Illegal transition => reject explicitly.,Critical async path => accountable reconciliation + recovery.,PENDING exact state/transition enumeration
SM-0222,ENG-326,C4,DRAFT,Why Is This Here? universal explanation contract,Finite explicit states required; terminal success cannot be inferred.,Illegal transition => reject explicitly.,Critical async path => accountable reconciliation + recovery.,PENDING exact state/transition enumeration
SM-0223,ENG-330,C5,DRAFT,Clinical Safety Red Team,Finite explicit states required; terminal success cannot be inferred.,Illegal transition => reject explicitly.,Critical async path => accountable reconciliation + recovery.,PENDING exact state/transition enumeration
SM-0224,ENG-332,C5,DRAFT,Executable Documentation Transition,Finite explicit states required; terminal success cannot be inferred.,Illegal transition => reject explicitly.,Critical async path => accountable reconciliation + recovery.,PENDING exact state/transition enumeration
SM-0225,ENG-334,C4,DRAFT,Truth Model package boundary,Finite explicit states required; terminal success cannot be inferred.,Illegal transition => reject explicitly.,Critical async path => accountable reconciliation + recovery.,PENDING exact state/transition enumeration
SM-0226,ENG-335,C5,DRAFT,Invariant-as-Code package,Finite explicit states required; terminal success cannot be inferred.,Illegal transition => reject explicitly.,Critical async path => accountable reconciliation + recovery.,PENDING exact state/transition enumeration
SM-0227,ENG-336,C4,DRAFT,Replay and Impact service boundary,Finite explicit states required; terminal success cannot be inferred.,Illegal transition => reject explicitly.,Critical async path => accountable reconciliation + recovery.,PENDING exact state/transition enumeration
SM-0228,ENG-337,C5,DRAFT,Reconciliation ownership model,Finite explicit states required; terminal success cannot be inferred.,Illegal transition => reject explicitly.,Critical async path => accountable reconciliation + recovery.,PENDING exact state/transition enumeration
SM-0229,ENG-338,C4,DRAFT,Clinical Computation Safety Envelope schema,Finite explicit states required; terminal success cannot be inferred.,Illegal transition => reject explicitly.,Critical async path => accountable reconciliation + recovery.,PENDING exact state/transition enumeration
SM-0230,ENG-341,C5,DRAFT,Pediatric Dose Computation receipt,Finite explicit states required; terminal success cannot be inferred.,Illegal transition => reject explicitly.,Critical async path => accountable reconciliation + recovery.,PENDING exact state/transition enumeration
SM-0231,ENG-342,C5,DRAFT,Corrected Result propagation DAG,Finite explicit states required; terminal success cannot be inferred.,Illegal transition => reject explicitly.,Critical async path => accountable reconciliation + recovery.,PENDING exact state/transition enumeration
SM-0232,ENG-343,C4,DRAFT,Knowledge/Policy conflict representation,Finite explicit states required; terminal success cannot be inferred.,Illegal transition => reject explicitly.,Critical async path => accountable reconciliation + recovery.,PENDING exact state/transition enumeration
SM-0233,ENG-345,C4,DRAFT,Epistemic UI safety tests,Finite explicit states required; terminal success cannot be inferred.,Illegal transition => reject explicitly.,Critical async path => accountable reconciliation + recovery.,PENDING exact state/transition enumeration
SM-0234,ENG-346,C5,DRAFT,Formal target architecture acceptance gate,Finite explicit states required; terminal success cannot be inferred.,Illegal transition => reject explicitly.,Critical async path => accountable reconciliation + recovery.,PENDING exact state/transition enumeration
SM-0235,ENG-348,C5,DRAFT,Formal architecture implementation priority matrix,Finite explicit states required; terminal success cannot be inferred.,Illegal transition => reject explicitly.,Critical async path => accountable reconciliation + recovery.,PENDING exact state/transition enumeration
