Verification dimension,Scale / mechanism,Purpose,Executed state
Generated invariant corpus,"100,000 deterministic cases","Falsify partial truth, tenant isolation, version and temporal invariants",PASS
Differential replay,"10,000 generated event streams",Live-state fingerprint must equal replay fingerprint,PASS
Repository hostile scan,651 files,"Find sql.unsafe, empty catch, wall-clock replay, unsafe any, direct console, TODO/FIXME",PASS for S1 gate
Cross-migration semantic audit,2 historical collisions,Detect incompatible table re-declarations,PASS with historical findings
Migration integrity,SHA-256 historical manifest,Detect mutation of migration history,PASS
Verification claim graph,Critical claims depend on executed/reviewed prerequisites,Prevent source-only evidence from closing release claim,SOURCE
Invariant coverage,C5 test + execution + human approval accounting,Prevent unreviewed C5 from release admission,SOURCE
Authority closure,PROD→ENG→EXEC→HAZ→CTL→INV→TEST completeness,Expose traceability gaps explicitly,SOURCE
Temporal consistency,occurred/recorded/effective interval guards,Detect impossible clinical chronology,SOURCE
Causal impact,Transitive correction/action descendants,Find downstream clinical decisions affected by corrected truth,SOURCE
Release proof V5,10 independent release dimensions,One missing proof keeps release BLOCKED,SOURCE
