Capability,Risk,Dependencies,Release Policy,Current Safety Case
CAP-RESULTS-001,C5,NONE,FAIL_CLOSED,FORMAL CORE
CAP-TRUTH-001,C5,NONE,FAIL_CLOSED,FORMAL CORE
CAP-AI-001,C5,NONE,ABSTAIN_OR_BLOCK,FORMAL CORE
CAP-APPLICABILITY-001,C5,NONE,FAIL_CLOSED,FORMAL CORE
CAP-MEDICATION-001,C5,NONE,BLOCK_UNTIL_HAZARD_CASE_COMPLETE,BLOCKED until HAZ/CTL/INV case completed
CAP-IDENTITY-001,C5,NONE,BLOCK_UNTIL_HAZARD_CASE_COMPLETE,BLOCKED until HAZ/CTL/INV case completed
CAP-AUDIT-001,C5,CAP-IDENTITY-001,BLOCK_UNTIL_HAZARD_CASE_COMPLETE,BLOCKED until HAZ/CTL/INV case completed
CAP-EVENTS-001,C5,"CAP-IDENTITY-001, CAP-AUDIT-001",BLOCK_UNTIL_HAZARD_CASE_COMPLETE,BLOCKED until HAZ/CTL/INV case completed
CAP-ASYNC-001,C5,CAP-EVENTS-001,FAIL_CLOSED,FORMAL CORE
CAP-POLICY-001,C5,CAP-EVENTS-001,BLOCK_UNTIL_HAZARD_CASE_COMPLETE,BLOCKED until HAZ/CTL/INV case completed
CAP-ROLLOUT-001,C5,CAP-AUDIT-001,BLOCK_UNTIL_HAZARD_CASE_COMPLETE,BLOCKED until HAZ/CTL/INV case completed
CAP-OBSERVABILITY-001,C5,CAP-EVENTS-001,BLOCK_UNTIL_HAZARD_CASE_COMPLETE,BLOCKED until HAZ/CTL/INV case completed
